"DATA INICIAL	";"DATA FINAL	";ESTADO;PRODUTO;PREÇO MÉDIO REVENDA
07/01/2007;13/01/2007;AC;GASOLINA COMUM;2.94
14/01/2007;20/01/2007;AC;GASOLINA COMUM;2.934
21/01/2007;27/01/2007;AC;GASOLINA COMUM;2.933
28/01/2007;03/02/2007;AC;GASOLINA COMUM;2.933
04/02/2007;10/02/2007;AC;GASOLINA COMUM;2.93
11/02/2007;17/02/2007;AC;GASOLINA COMUM;2.929
18/02/2007;24/02/2007;AC;GASOLINA COMUM;2.93
25/02/2007;03/03/2007;AC;GASOLINA COMUM;2.927
04/03/2007;10/03/2007;AC;GASOLINA COMUM;2.928
11/03/2007;17/03/2007;AC;GASOLINA COMUM;2.93
18/03/2007;24/03/2007;AC;GASOLINA COMUM;2.949
25/03/2007;31/03/2007;AC;GASOLINA COMUM;2.95
01/04/2007;07/04/2007;AC;GASOLINA COMUM;2.95
08/04/2007;14/04/2007;AC;GASOLINA COMUM;2.948
15/04/2007;21/04/2007;AC;GASOLINA COMUM;2.948
22/04/2007;28/04/2007;AC;GASOLINA COMUM;2.948
29/04/2007;05/05/2007;AC;GASOLINA COMUM;2.949
06/05/2007;12/05/2007;AC;GASOLINA COMUM;2.949
13/05/2007;19/05/2007;AC;GASOLINA COMUM;2.948
20/05/2007;26/05/2007;AC;GASOLINA COMUM;2.949
27/05/2007;02/06/2007;AC;GASOLINA COMUM;2.949
03/06/2007;09/06/2007;AC;GASOLINA COMUM;2.949
10/06/2007;16/06/2007;AC;GASOLINA COMUM;2.949
17/06/2007;23/06/2007;AC;GASOLINA COMUM;2.946
24/06/2007;30/06/2007;AC;GASOLINA COMUM;2.913
01/07/2007;07/07/2007;AC;GASOLINA COMUM;2.907
08/07/2007;14/07/2007;AC;GASOLINA COMUM;2.907
15/07/2007;21/07/2007;AC;GASOLINA COMUM;2.905
22/07/2007;28/07/2007;AC;GASOLINA COMUM;2.903
29/07/2007;04/08/2007;AC;GASOLINA COMUM;2.904
05/08/2007;11/08/2007;AC;GASOLINA COMUM;2.9
12/08/2007;18/08/2007;AC;GASOLINA COMUM;2.901
19/08/2007;25/08/2007;AC;GASOLINA COMUM;2.902
26/08/2007;01/09/2007;AC;GASOLINA COMUM;2.9
02/09/2007;08/09/2007;AC;GASOLINA COMUM;2.903
09/09/2007;15/09/2007;AC;GASOLINA COMUM;2.898
16/09/2007;22/09/2007;AC;GASOLINA COMUM;2.898
23/09/2007;29/09/2007;AC;GASOLINA COMUM;2.896
30/09/2007;06/10/2007;AC;GASOLINA COMUM;2.898
07/10/2007;13/10/2007;AC;GASOLINA COMUM;2.89
14/10/2007;20/10/2007;AC;GASOLINA COMUM;2.893
21/10/2007;27/10/2007;AC;GASOLINA COMUM;2.898
28/10/2007;03/11/2007;AC;GASOLINA COMUM;2.901
04/11/2007;10/11/2007;AC;GASOLINA COMUM;2.896
11/11/2007;17/11/2007;AC;GASOLINA COMUM;2.899
18/11/2007;24/11/2007;AC;GASOLINA COMUM;2.899
25/11/2007;01/12/2007;AC;GASOLINA COMUM;2.897
02/12/2007;08/12/2007;AC;GASOLINA COMUM;2.897
09/12/2007;15/12/2007;AC;GASOLINA COMUM;2.897
16/12/2007;22/12/2007;AC;GASOLINA COMUM;2.893
23/12/2007;29/12/2007;AC;GASOLINA COMUM;2.897
30/12/2007;05/01/2008;AC;GASOLINA COMUM;2.952
07/01/2007;13/01/2007;AL;GASOLINA COMUM;2.817
14/01/2007;20/01/2007;AL;GASOLINA COMUM;2.818
21/01/2007;27/01/2007;AL;GASOLINA COMUM;2.815
28/01/2007;03/02/2007;AL;GASOLINA COMUM;2.816
04/02/2007;10/02/2007;AL;GASOLINA COMUM;2.814
11/02/2007;17/02/2007;AL;GASOLINA COMUM;2.816
18/02/2007;24/02/2007;AL;GASOLINA COMUM;2.813
25/02/2007;03/03/2007;AL;GASOLINA COMUM;2.815
04/03/2007;10/03/2007;AL;GASOLINA COMUM;2.813
11/03/2007;17/03/2007;AL;GASOLINA COMUM;2.812
18/03/2007;24/03/2007;AL;GASOLINA COMUM;2.812
25/03/2007;31/03/2007;AL;GASOLINA COMUM;2.811
01/04/2007;07/04/2007;AL;GASOLINA COMUM;2.811
08/04/2007;14/04/2007;AL;GASOLINA COMUM;2.812
15/04/2007;21/04/2007;AL;GASOLINA COMUM;2.811
22/04/2007;28/04/2007;AL;GASOLINA COMUM;2.812
29/04/2007;05/05/2007;AL;GASOLINA COMUM;2.813
06/05/2007;12/05/2007;AL;GASOLINA COMUM;2.814
13/05/2007;19/05/2007;AL;GASOLINA COMUM;2.813
20/05/2007;26/05/2007;AL;GASOLINA COMUM;2.811
27/05/2007;02/06/2007;AL;GASOLINA COMUM;2.812
03/06/2007;09/06/2007;AL;GASOLINA COMUM;2.811
10/06/2007;16/06/2007;AL;GASOLINA COMUM;2.808
17/06/2007;23/06/2007;AL;GASOLINA COMUM;2.81
24/06/2007;30/06/2007;AL;GASOLINA COMUM;2.811
01/07/2007;07/07/2007;AL;GASOLINA COMUM;2.81
08/07/2007;14/07/2007;AL;GASOLINA COMUM;2.808
15/07/2007;21/07/2007;AL;GASOLINA COMUM;2.811
22/07/2007;28/07/2007;AL;GASOLINA COMUM;2.806
29/07/2007;04/08/2007;AL;GASOLINA COMUM;2.806
05/08/2007;11/08/2007;AL;GASOLINA COMUM;2.806
12/08/2007;18/08/2007;AL;GASOLINA COMUM;2.806
19/08/2007;25/08/2007;AL;GASOLINA COMUM;2.801
26/08/2007;01/09/2007;AL;GASOLINA COMUM;2.81
02/09/2007;08/09/2007;AL;GASOLINA COMUM;2.804
09/09/2007;15/09/2007;AL;GASOLINA COMUM;2.81
16/09/2007;22/09/2007;AL;GASOLINA COMUM;2.803
23/09/2007;29/09/2007;AL;GASOLINA COMUM;2.808
30/09/2007;06/10/2007;AL;GASOLINA COMUM;2.801
07/10/2007;13/10/2007;AL;GASOLINA COMUM;2.794
14/10/2007;20/10/2007;AL;GASOLINA COMUM;2.798
21/10/2007;27/10/2007;AL;GASOLINA COMUM;2.794
28/10/2007;03/11/2007;AL;GASOLINA COMUM;2.797
04/11/2007;10/11/2007;AL;GASOLINA COMUM;2.788
11/11/2007;17/11/2007;AL;GASOLINA COMUM;2.789
18/11/2007;24/11/2007;AL;GASOLINA COMUM;2.784
25/11/2007;01/12/2007;AL;GASOLINA COMUM;2.785
02/12/2007;08/12/2007;AL;GASOLINA COMUM;2.776
09/12/2007;15/12/2007;AL;GASOLINA COMUM;2.781
16/12/2007;22/12/2007;AL;GASOLINA COMUM;2.775
23/12/2007;29/12/2007;AL;GASOLINA COMUM;2.779
30/12/2007;05/01/2008;AL;GASOLINA COMUM;2.781
07/01/2007;13/01/2007;AP;GASOLINA COMUM;2.508
14/01/2007;20/01/2007;AP;GASOLINA COMUM;2.526
21/01/2007;27/01/2007;AP;GASOLINA COMUM;2.523
28/01/2007;03/02/2007;AP;GASOLINA COMUM;2.524
04/02/2007;10/02/2007;AP;GASOLINA COMUM;2.521
11/02/2007;17/02/2007;AP;GASOLINA COMUM;2.517
18/02/2007;24/02/2007;AP;GASOLINA COMUM;2.513
25/02/2007;03/03/2007;AP;GASOLINA COMUM;2.513
04/03/2007;10/03/2007;AP;GASOLINA COMUM;2.51
11/03/2007;17/03/2007;AP;GASOLINA COMUM;2.508
18/03/2007;24/03/2007;AP;GASOLINA COMUM;2.508
25/03/2007;31/03/2007;AP;GASOLINA COMUM;2.55
01/04/2007;07/04/2007;AP;GASOLINA COMUM;2.559
08/04/2007;14/04/2007;AP;GASOLINA COMUM;2.571
15/04/2007;21/04/2007;AP;GASOLINA COMUM;2.639
22/04/2007;28/04/2007;AP;GASOLINA COMUM;2.639
29/04/2007;05/05/2007;AP;GASOLINA COMUM;2.635
06/05/2007;12/05/2007;AP;GASOLINA COMUM;2.673
13/05/2007;19/05/2007;AP;GASOLINA COMUM;2.671
20/05/2007;26/05/2007;AP;GASOLINA COMUM;2.664
27/05/2007;02/06/2007;AP;GASOLINA COMUM;2.567
03/06/2007;09/06/2007;AP;GASOLINA COMUM;2.441
10/06/2007;16/06/2007;AP;GASOLINA COMUM;2.416
17/06/2007;23/06/2007;AP;GASOLINA COMUM;2.384
24/06/2007;30/06/2007;AP;GASOLINA COMUM;2.337
01/07/2007;07/07/2007;AP;GASOLINA COMUM;2.335
08/07/2007;14/07/2007;AP;GASOLINA COMUM;2.325
15/07/2007;21/07/2007;AP;GASOLINA COMUM;2.29
22/07/2007;28/07/2007;AP;GASOLINA COMUM;2.283
29/07/2007;04/08/2007;AP;GASOLINA COMUM;2.278
05/08/2007;11/08/2007;AP;GASOLINA COMUM;2.27
12/08/2007;18/08/2007;AP;GASOLINA COMUM;2.278
19/08/2007;25/08/2007;AP;GASOLINA COMUM;2.228
26/08/2007;01/09/2007;AP;GASOLINA COMUM;2.247
02/09/2007;08/09/2007;AP;GASOLINA COMUM;2.21
09/09/2007;15/09/2007;AP;GASOLINA COMUM;2.241
16/09/2007;22/09/2007;AP;GASOLINA COMUM;2.221
23/09/2007;29/09/2007;AP;GASOLINA COMUM;2.245
30/09/2007;06/10/2007;AP;GASOLINA COMUM;2.237
07/10/2007;13/10/2007;AP;GASOLINA COMUM;2.263
14/10/2007;20/10/2007;AP;GASOLINA COMUM;2.277
21/10/2007;27/10/2007;AP;GASOLINA COMUM;2.358
28/10/2007;03/11/2007;AP;GASOLINA COMUM;2.352
04/11/2007;10/11/2007;AP;GASOLINA COMUM;2.365
11/11/2007;17/11/2007;AP;GASOLINA COMUM;2.362
18/11/2007;24/11/2007;AP;GASOLINA COMUM;2.5
25/11/2007;01/12/2007;AP;GASOLINA COMUM;2.523
02/12/2007;08/12/2007;AP;GASOLINA COMUM;2.535
09/12/2007;15/12/2007;AP;GASOLINA COMUM;2.544
16/12/2007;22/12/2007;AP;GASOLINA COMUM;2.563
23/12/2007;29/12/2007;AP;GASOLINA COMUM;2.535
30/12/2007;05/01/2008;AP;GASOLINA COMUM;2.539
07/01/2007;13/01/2007;AM;GASOLINA COMUM;2.377
14/01/2007;20/01/2007;AM;GASOLINA COMUM;2.356
21/01/2007;27/01/2007;AM;GASOLINA COMUM;2.384
28/01/2007;03/02/2007;AM;GASOLINA COMUM;2.516
04/02/2007;10/02/2007;AM;GASOLINA COMUM;2.52
11/02/2007;17/02/2007;AM;GASOLINA COMUM;2.521
18/02/2007;24/02/2007;AM;GASOLINA COMUM;2.518
25/02/2007;03/03/2007;AM;GASOLINA COMUM;2.519
04/03/2007;10/03/2007;AM;GASOLINA COMUM;2.519
11/03/2007;17/03/2007;AM;GASOLINA COMUM;2.519
18/03/2007;24/03/2007;AM;GASOLINA COMUM;2.521
25/03/2007;31/03/2007;AM;GASOLINA COMUM;2.518
01/04/2007;07/04/2007;AM;GASOLINA COMUM;2.517
08/04/2007;14/04/2007;AM;GASOLINA COMUM;2.518
15/04/2007;21/04/2007;AM;GASOLINA COMUM;2.516
22/04/2007;28/04/2007;AM;GASOLINA COMUM;2.521
29/04/2007;05/05/2007;AM;GASOLINA COMUM;2.518
06/05/2007;12/05/2007;AM;GASOLINA COMUM;2.517
13/05/2007;19/05/2007;AM;GASOLINA COMUM;2.517
20/05/2007;26/05/2007;AM;GASOLINA COMUM;2.517
27/05/2007;02/06/2007;AM;GASOLINA COMUM;2.517
03/06/2007;09/06/2007;AM;GASOLINA COMUM;2.516
10/06/2007;16/06/2007;AM;GASOLINA COMUM;2.515
17/06/2007;23/06/2007;AM;GASOLINA COMUM;2.515
24/06/2007;30/06/2007;AM;GASOLINA COMUM;2.513
01/07/2007;07/07/2007;AM;GASOLINA COMUM;2.51
08/07/2007;14/07/2007;AM;GASOLINA COMUM;2.501
15/07/2007;21/07/2007;AM;GASOLINA COMUM;2.477
22/07/2007;28/07/2007;AM;GASOLINA COMUM;2.469
29/07/2007;04/08/2007;AM;GASOLINA COMUM;2.466
05/08/2007;11/08/2007;AM;GASOLINA COMUM;2.455
12/08/2007;18/08/2007;AM;GASOLINA COMUM;2.341
19/08/2007;25/08/2007;AM;GASOLINA COMUM;2.459
26/08/2007;01/09/2007;AM;GASOLINA COMUM;2.447
02/09/2007;08/09/2007;AM;GASOLINA COMUM;2.461
09/09/2007;15/09/2007;AM;GASOLINA COMUM;2.459
16/09/2007;22/09/2007;AM;GASOLINA COMUM;2.445
23/09/2007;29/09/2007;AM;GASOLINA COMUM;2.415
30/09/2007;06/10/2007;AM;GASOLINA COMUM;2.407
07/10/2007;13/10/2007;AM;GASOLINA COMUM;2.403
14/10/2007;20/10/2007;AM;GASOLINA COMUM;2.392
21/10/2007;27/10/2007;AM;GASOLINA COMUM;2.389
28/10/2007;03/11/2007;AM;GASOLINA COMUM;2.361
04/11/2007;10/11/2007;AM;GASOLINA COMUM;2.373
11/11/2007;17/11/2007;AM;GASOLINA COMUM;2.455
18/11/2007;24/11/2007;AM;GASOLINA COMUM;2.461
25/11/2007;01/12/2007;AM;GASOLINA COMUM;2.453
02/12/2007;08/12/2007;AM;GASOLINA COMUM;2.434
09/12/2007;15/12/2007;AM;GASOLINA COMUM;2.401
16/12/2007;22/12/2007;AM;GASOLINA COMUM;2.4
23/12/2007;29/12/2007;AM;GASOLINA COMUM;2.385
30/12/2007;05/01/2008;AM;GASOLINA COMUM;2.378
07/01/2007;13/01/2007;BA;GASOLINA COMUM;2.626
14/01/2007;20/01/2007;BA;GASOLINA COMUM;2.661
21/01/2007;27/01/2007;BA;GASOLINA COMUM;2.676
28/01/2007;03/02/2007;BA;GASOLINA COMUM;2.679
04/02/2007;10/02/2007;BA;GASOLINA COMUM;2.676
11/02/2007;17/02/2007;BA;GASOLINA COMUM;2.677
18/02/2007;24/02/2007;BA;GASOLINA COMUM;2.675
25/02/2007;03/03/2007;BA;GASOLINA COMUM;2.674
04/03/2007;10/03/2007;BA;GASOLINA COMUM;2.673
11/03/2007;17/03/2007;BA;GASOLINA COMUM;2.67
18/03/2007;24/03/2007;BA;GASOLINA COMUM;2.669
25/03/2007;31/03/2007;BA;GASOLINA COMUM;2.665
01/04/2007;07/04/2007;BA;GASOLINA COMUM;2.666
08/04/2007;14/04/2007;BA;GASOLINA COMUM;2.675
15/04/2007;21/04/2007;BA;GASOLINA COMUM;2.684
22/04/2007;28/04/2007;BA;GASOLINA COMUM;2.681
29/04/2007;05/05/2007;BA;GASOLINA COMUM;2.681
06/05/2007;12/05/2007;BA;GASOLINA COMUM;2.678
13/05/2007;19/05/2007;BA;GASOLINA COMUM;2.673
20/05/2007;26/05/2007;BA;GASOLINA COMUM;2.639
27/05/2007;02/06/2007;BA;GASOLINA COMUM;2.625
03/06/2007;09/06/2007;BA;GASOLINA COMUM;2.603
10/06/2007;16/06/2007;BA;GASOLINA COMUM;2.583
17/06/2007;23/06/2007;BA;GASOLINA COMUM;2.573
24/06/2007;30/06/2007;BA;GASOLINA COMUM;2.574
01/07/2007;07/07/2007;BA;GASOLINA COMUM;2.635
08/07/2007;14/07/2007;BA;GASOLINA COMUM;2.64
15/07/2007;21/07/2007;BA;GASOLINA COMUM;2.626
22/07/2007;28/07/2007;BA;GASOLINA COMUM;2.616
29/07/2007;04/08/2007;BA;GASOLINA COMUM;2.604
05/08/2007;11/08/2007;BA;GASOLINA COMUM;2.591
12/08/2007;18/08/2007;BA;GASOLINA COMUM;2.552
19/08/2007;25/08/2007;BA;GASOLINA COMUM;2.526
26/08/2007;01/09/2007;BA;GASOLINA COMUM;2.499
02/09/2007;08/09/2007;BA;GASOLINA COMUM;2.496
09/09/2007;15/09/2007;BA;GASOLINA COMUM;2.497
16/09/2007;22/09/2007;BA;GASOLINA COMUM;2.49
23/09/2007;29/09/2007;BA;GASOLINA COMUM;2.569
30/09/2007;06/10/2007;BA;GASOLINA COMUM;2.59
07/10/2007;13/10/2007;BA;GASOLINA COMUM;2.568
14/10/2007;20/10/2007;BA;GASOLINA COMUM;2.552
21/10/2007;27/10/2007;BA;GASOLINA COMUM;2.543
28/10/2007;03/11/2007;BA;GASOLINA COMUM;2.535
04/11/2007;10/11/2007;BA;GASOLINA COMUM;2.53
11/11/2007;17/11/2007;BA;GASOLINA COMUM;2.578
18/11/2007;24/11/2007;BA;GASOLINA COMUM;2.589
25/11/2007;01/12/2007;BA;GASOLINA COMUM;2.607
02/12/2007;08/12/2007;BA;GASOLINA COMUM;2.605
09/12/2007;15/12/2007;BA;GASOLINA COMUM;2.599
16/12/2007;22/12/2007;BA;GASOLINA COMUM;2.6
23/12/2007;29/12/2007;BA;GASOLINA COMUM;2.621
30/12/2007;05/01/2008;BA;GASOLINA COMUM;2.621
07/01/2007;13/01/2007;CE;GASOLINA COMUM;2.653
14/01/2007;20/01/2007;CE;GASOLINA COMUM;2.652
21/01/2007;27/01/2007;CE;GASOLINA COMUM;2.649
28/01/2007;03/02/2007;CE;GASOLINA COMUM;2.649
04/02/2007;10/02/2007;CE;GASOLINA COMUM;2.648
11/02/2007;17/02/2007;CE;GASOLINA COMUM;2.648
18/02/2007;24/02/2007;CE;GASOLINA COMUM;2.65
25/02/2007;03/03/2007;CE;GASOLINA COMUM;2.649
04/03/2007;10/03/2007;CE;GASOLINA COMUM;2.644
11/03/2007;17/03/2007;CE;GASOLINA COMUM;2.642
18/03/2007;24/03/2007;CE;GASOLINA COMUM;2.641
25/03/2007;31/03/2007;CE;GASOLINA COMUM;2.639
01/04/2007;07/04/2007;CE;GASOLINA COMUM;2.637
08/04/2007;14/04/2007;CE;GASOLINA COMUM;2.635
15/04/2007;21/04/2007;CE;GASOLINA COMUM;2.629
22/04/2007;28/04/2007;CE;GASOLINA COMUM;2.625
29/04/2007;05/05/2007;CE;GASOLINA COMUM;2.618
06/05/2007;12/05/2007;CE;GASOLINA COMUM;2.621
13/05/2007;19/05/2007;CE;GASOLINA COMUM;2.617
20/05/2007;26/05/2007;CE;GASOLINA COMUM;2.611
27/05/2007;02/06/2007;CE;GASOLINA COMUM;2.575
03/06/2007;09/06/2007;CE;GASOLINA COMUM;2.559
10/06/2007;16/06/2007;CE;GASOLINA COMUM;2.547
17/06/2007;23/06/2007;CE;GASOLINA COMUM;2.537
24/06/2007;30/06/2007;CE;GASOLINA COMUM;2.526
01/07/2007;07/07/2007;CE;GASOLINA COMUM;2.508
08/07/2007;14/07/2007;CE;GASOLINA COMUM;2.466
15/07/2007;21/07/2007;CE;GASOLINA COMUM;2.502
22/07/2007;28/07/2007;CE;GASOLINA COMUM;2.66
29/07/2007;04/08/2007;CE;GASOLINA COMUM;2.656
05/08/2007;11/08/2007;CE;GASOLINA COMUM;2.657
12/08/2007;18/08/2007;CE;GASOLINA COMUM;2.654
19/08/2007;25/08/2007;CE;GASOLINA COMUM;2.653
26/08/2007;01/09/2007;CE;GASOLINA COMUM;2.65
02/09/2007;08/09/2007;CE;GASOLINA COMUM;2.649
09/09/2007;15/09/2007;CE;GASOLINA COMUM;2.647
16/09/2007;22/09/2007;CE;GASOLINA COMUM;2.646
23/09/2007;29/09/2007;CE;GASOLINA COMUM;2.637
30/09/2007;06/10/2007;CE;GASOLINA COMUM;2.638
07/10/2007;13/10/2007;CE;GASOLINA COMUM;2.635
14/10/2007;20/10/2007;CE;GASOLINA COMUM;2.631
21/10/2007;27/10/2007;CE;GASOLINA COMUM;2.628
28/10/2007;03/11/2007;CE;GASOLINA COMUM;2.619
04/11/2007;10/11/2007;CE;GASOLINA COMUM;2.61
11/11/2007;17/11/2007;CE;GASOLINA COMUM;2.497
18/11/2007;24/11/2007;CE;GASOLINA COMUM;2.442
25/11/2007;01/12/2007;CE;GASOLINA COMUM;2.418
02/12/2007;08/12/2007;CE;GASOLINA COMUM;2.495
09/12/2007;15/12/2007;CE;GASOLINA COMUM;2.651
16/12/2007;22/12/2007;CE;GASOLINA COMUM;2.664
23/12/2007;29/12/2007;CE;GASOLINA COMUM;2.68
30/12/2007;05/01/2008;CE;GASOLINA COMUM;2.681
07/01/2007;13/01/2007;DF;GASOLINA COMUM;2.653
14/01/2007;20/01/2007;DF;GASOLINA COMUM;2.63
21/01/2007;27/01/2007;DF;GASOLINA COMUM;2.451
28/01/2007;03/02/2007;DF;GASOLINA COMUM;2.315
04/02/2007;10/02/2007;DF;GASOLINA COMUM;2.469
11/02/2007;17/02/2007;DF;GASOLINA COMUM;2.646
18/02/2007;24/02/2007;DF;GASOLINA COMUM;2.617
25/02/2007;03/03/2007;DF;GASOLINA COMUM;2.443
04/03/2007;10/03/2007;DF;GASOLINA COMUM;2.443
11/03/2007;17/03/2007;DF;GASOLINA COMUM;2.427
18/03/2007;24/03/2007;DF;GASOLINA COMUM;2.605
25/03/2007;31/03/2007;DF;GASOLINA COMUM;2.51
01/04/2007;07/04/2007;DF;GASOLINA COMUM;2.427
08/04/2007;14/04/2007;DF;GASOLINA COMUM;2.418
15/04/2007;21/04/2007;DF;GASOLINA COMUM;2.457
22/04/2007;28/04/2007;DF;GASOLINA COMUM;2.53
29/04/2007;05/05/2007;DF;GASOLINA COMUM;2.596
06/05/2007;12/05/2007;DF;GASOLINA COMUM;2.616
13/05/2007;19/05/2007;DF;GASOLINA COMUM;2.686
20/05/2007;26/05/2007;DF;GASOLINA COMUM;2.676
27/05/2007;02/06/2007;DF;GASOLINA COMUM;2.675
03/06/2007;09/06/2007;DF;GASOLINA COMUM;2.67
10/06/2007;16/06/2007;DF;GASOLINA COMUM;2.668
17/06/2007;23/06/2007;DF;GASOLINA COMUM;2.662
24/06/2007;30/06/2007;DF;GASOLINA COMUM;2.644
01/07/2007;07/07/2007;DF;GASOLINA COMUM;2.66
08/07/2007;14/07/2007;DF;GASOLINA COMUM;2.643
15/07/2007;21/07/2007;DF;GASOLINA COMUM;2.629
22/07/2007;28/07/2007;DF;GASOLINA COMUM;2.586
29/07/2007;04/08/2007;DF;GASOLINA COMUM;2.585
05/08/2007;11/08/2007;DF;GASOLINA COMUM;2.581
12/08/2007;18/08/2007;DF;GASOLINA COMUM;2.584
19/08/2007;25/08/2007;DF;GASOLINA COMUM;2.581
26/08/2007;01/09/2007;DF;GASOLINA COMUM;2.581
02/09/2007;08/09/2007;DF;GASOLINA COMUM;2.565
09/09/2007;15/09/2007;DF;GASOLINA COMUM;2.562
16/09/2007;22/09/2007;DF;GASOLINA COMUM;2.583
23/09/2007;29/09/2007;DF;GASOLINA COMUM;2.567
30/09/2007;06/10/2007;DF;GASOLINA COMUM;2.555
07/10/2007;13/10/2007;DF;GASOLINA COMUM;2.555
14/10/2007;20/10/2007;DF;GASOLINA COMUM;2.529
21/10/2007;27/10/2007;DF;GASOLINA COMUM;2.572
28/10/2007;03/11/2007;DF;GASOLINA COMUM;2.55
04/11/2007;10/11/2007;DF;GASOLINA COMUM;2.572
11/11/2007;17/11/2007;DF;GASOLINA COMUM;2.564
18/11/2007;24/11/2007;DF;GASOLINA COMUM;2.585
25/11/2007;01/12/2007;DF;GASOLINA COMUM;2.582
02/12/2007;08/12/2007;DF;GASOLINA COMUM;2.579
09/12/2007;15/12/2007;DF;GASOLINA COMUM;2.579
16/12/2007;22/12/2007;DF;GASOLINA COMUM;2.631
23/12/2007;29/12/2007;DF;GASOLINA COMUM;2.64
30/12/2007;05/01/2008;DF;GASOLINA COMUM;2.635
07/01/2007;13/01/2007;ES;GASOLINA COMUM;2.681
14/01/2007;20/01/2007;ES;GASOLINA COMUM;2.684
21/01/2007;27/01/2007;ES;GASOLINA COMUM;2.683
28/01/2007;03/02/2007;ES;GASOLINA COMUM;2.678
04/02/2007;10/02/2007;ES;GASOLINA COMUM;2.673
11/02/2007;17/02/2007;ES;GASOLINA COMUM;2.67
18/02/2007;24/02/2007;ES;GASOLINA COMUM;2.67
25/02/2007;03/03/2007;ES;GASOLINA COMUM;2.666
04/03/2007;10/03/2007;ES;GASOLINA COMUM;2.668
11/03/2007;17/03/2007;ES;GASOLINA COMUM;2.666
18/03/2007;24/03/2007;ES;GASOLINA COMUM;2.665
25/03/2007;31/03/2007;ES;GASOLINA COMUM;2.664
01/04/2007;07/04/2007;ES;GASOLINA COMUM;2.659
08/04/2007;14/04/2007;ES;GASOLINA COMUM;2.663
15/04/2007;21/04/2007;ES;GASOLINA COMUM;2.691
22/04/2007;28/04/2007;ES;GASOLINA COMUM;2.716
29/04/2007;05/05/2007;ES;GASOLINA COMUM;2.709
06/05/2007;12/05/2007;ES;GASOLINA COMUM;2.708
13/05/2007;19/05/2007;ES;GASOLINA COMUM;2.702
20/05/2007;26/05/2007;ES;GASOLINA COMUM;2.695
27/05/2007;02/06/2007;ES;GASOLINA COMUM;2.668
03/06/2007;09/06/2007;ES;GASOLINA COMUM;2.639
10/06/2007;16/06/2007;ES;GASOLINA COMUM;2.62
17/06/2007;23/06/2007;ES;GASOLINA COMUM;2.639
24/06/2007;30/06/2007;ES;GASOLINA COMUM;2.703
01/07/2007;07/07/2007;ES;GASOLINA COMUM;2.687
08/07/2007;14/07/2007;ES;GASOLINA COMUM;2.651
15/07/2007;21/07/2007;ES;GASOLINA COMUM;2.626
22/07/2007;28/07/2007;ES;GASOLINA COMUM;2.589
29/07/2007;04/08/2007;ES;GASOLINA COMUM;2.57
05/08/2007;11/08/2007;ES;GASOLINA COMUM;2.538
12/08/2007;18/08/2007;ES;GASOLINA COMUM;2.515
19/08/2007;25/08/2007;ES;GASOLINA COMUM;2.513
26/08/2007;01/09/2007;ES;GASOLINA COMUM;2.513
02/09/2007;08/09/2007;ES;GASOLINA COMUM;2.506
09/09/2007;15/09/2007;ES;GASOLINA COMUM;2.498
16/09/2007;22/09/2007;ES;GASOLINA COMUM;2.502
23/09/2007;29/09/2007;ES;GASOLINA COMUM;2.488
30/09/2007;06/10/2007;ES;GASOLINA COMUM;2.554
07/10/2007;13/10/2007;ES;GASOLINA COMUM;2.597
14/10/2007;20/10/2007;ES;GASOLINA COMUM;2.599
21/10/2007;27/10/2007;ES;GASOLINA COMUM;2.597
28/10/2007;03/11/2007;ES;GASOLINA COMUM;2.596
04/11/2007;10/11/2007;ES;GASOLINA COMUM;2.595
11/11/2007;17/11/2007;ES;GASOLINA COMUM;2.592
18/11/2007;24/11/2007;ES;GASOLINA COMUM;2.595
25/11/2007;01/12/2007;ES;GASOLINA COMUM;2.59
02/12/2007;08/12/2007;ES;GASOLINA COMUM;2.592
09/12/2007;15/12/2007;ES;GASOLINA COMUM;2.588
16/12/2007;22/12/2007;ES;GASOLINA COMUM;2.583
23/12/2007;29/12/2007;ES;GASOLINA COMUM;2.581
30/12/2007;05/01/2008;ES;GASOLINA COMUM;2.592
07/01/2007;13/01/2007;GO;GASOLINA COMUM;2.457
14/01/2007;20/01/2007;GO;GASOLINA COMUM;2.445
21/01/2007;27/01/2007;GO;GASOLINA COMUM;2.434
28/01/2007;03/02/2007;GO;GASOLINA COMUM;2.412
04/02/2007;10/02/2007;GO;GASOLINA COMUM;2.471
11/02/2007;17/02/2007;GO;GASOLINA COMUM;2.58
18/02/2007;24/02/2007;GO;GASOLINA COMUM;2.575
25/02/2007;03/03/2007;GO;GASOLINA COMUM;2.57
04/03/2007;10/03/2007;GO;GASOLINA COMUM;2.583
11/03/2007;17/03/2007;GO;GASOLINA COMUM;2.566
18/03/2007;24/03/2007;GO;GASOLINA COMUM;2.568
25/03/2007;31/03/2007;GO;GASOLINA COMUM;2.567
01/04/2007;07/04/2007;GO;GASOLINA COMUM;2.589
08/04/2007;14/04/2007;GO;GASOLINA COMUM;2.597
15/04/2007;21/04/2007;GO;GASOLINA COMUM;2.598
22/04/2007;28/04/2007;GO;GASOLINA COMUM;2.605
29/04/2007;05/05/2007;GO;GASOLINA COMUM;2.599
06/05/2007;12/05/2007;GO;GASOLINA COMUM;2.61
13/05/2007;19/05/2007;GO;GASOLINA COMUM;2.604
20/05/2007;26/05/2007;GO;GASOLINA COMUM;2.596
27/05/2007;02/06/2007;GO;GASOLINA COMUM;2.591
03/06/2007;09/06/2007;GO;GASOLINA COMUM;2.59
10/06/2007;16/06/2007;GO;GASOLINA COMUM;2.585
17/06/2007;23/06/2007;GO;GASOLINA COMUM;2.578
24/06/2007;30/06/2007;GO;GASOLINA COMUM;2.576
01/07/2007;07/07/2007;GO;GASOLINA COMUM;2.587
08/07/2007;14/07/2007;GO;GASOLINA COMUM;2.589
15/07/2007;21/07/2007;GO;GASOLINA COMUM;2.587
22/07/2007;28/07/2007;GO;GASOLINA COMUM;2.506
29/07/2007;04/08/2007;GO;GASOLINA COMUM;2.413
05/08/2007;11/08/2007;GO;GASOLINA COMUM;2.366
12/08/2007;18/08/2007;GO;GASOLINA COMUM;2.363
19/08/2007;25/08/2007;GO;GASOLINA COMUM;2.347
26/08/2007;01/09/2007;GO;GASOLINA COMUM;2.336
02/09/2007;08/09/2007;GO;GASOLINA COMUM;2.339
09/09/2007;15/09/2007;GO;GASOLINA COMUM;2.353
16/09/2007;22/09/2007;GO;GASOLINA COMUM;2.358
23/09/2007;29/09/2007;GO;GASOLINA COMUM;2.385
30/09/2007;06/10/2007;GO;GASOLINA COMUM;2.559
07/10/2007;13/10/2007;GO;GASOLINA COMUM;2.538
14/10/2007;20/10/2007;GO;GASOLINA COMUM;2.539
21/10/2007;27/10/2007;GO;GASOLINA COMUM;2.54
28/10/2007;03/11/2007;GO;GASOLINA COMUM;2.54
04/11/2007;10/11/2007;GO;GASOLINA COMUM;2.539
11/11/2007;17/11/2007;GO;GASOLINA COMUM;2.568
18/11/2007;24/11/2007;GO;GASOLINA COMUM;2.549
25/11/2007;01/12/2007;GO;GASOLINA COMUM;2.553
02/12/2007;08/12/2007;GO;GASOLINA COMUM;2.582
09/12/2007;15/12/2007;GO;GASOLINA COMUM;2.587
16/12/2007;22/12/2007;GO;GASOLINA COMUM;2.577
23/12/2007;29/12/2007;GO;GASOLINA COMUM;2.576
30/12/2007;05/01/2008;GO;GASOLINA COMUM;2.565
07/01/2007;13/01/2007;MA;GASOLINA COMUM;2.752
14/01/2007;20/01/2007;MA;GASOLINA COMUM;2.75
21/01/2007;27/01/2007;MA;GASOLINA COMUM;2.752
28/01/2007;03/02/2007;MA;GASOLINA COMUM;2.751
04/02/2007;10/02/2007;MA;GASOLINA COMUM;2.753
11/02/2007;17/02/2007;MA;GASOLINA COMUM;2.748
18/02/2007;24/02/2007;MA;GASOLINA COMUM;2.75
25/02/2007;03/03/2007;MA;GASOLINA COMUM;2.749
04/03/2007;10/03/2007;MA;GASOLINA COMUM;2.748
11/03/2007;17/03/2007;MA;GASOLINA COMUM;2.747
18/03/2007;24/03/2007;MA;GASOLINA COMUM;2.747
25/03/2007;31/03/2007;MA;GASOLINA COMUM;2.747
01/04/2007;07/04/2007;MA;GASOLINA COMUM;2.746
08/04/2007;14/04/2007;MA;GASOLINA COMUM;2.747
15/04/2007;21/04/2007;MA;GASOLINA COMUM;2.748
22/04/2007;28/04/2007;MA;GASOLINA COMUM;2.746
29/04/2007;05/05/2007;MA;GASOLINA COMUM;2.743
06/05/2007;12/05/2007;MA;GASOLINA COMUM;2.744
13/05/2007;19/05/2007;MA;GASOLINA COMUM;2.744
20/05/2007;26/05/2007;MA;GASOLINA COMUM;2.742
27/05/2007;02/06/2007;MA;GASOLINA COMUM;2.74
03/06/2007;09/06/2007;MA;GASOLINA COMUM;2.738
10/06/2007;16/06/2007;MA;GASOLINA COMUM;2.736
17/06/2007;23/06/2007;MA;GASOLINA COMUM;2.735
24/06/2007;30/06/2007;MA;GASOLINA COMUM;2.734
01/07/2007;07/07/2007;MA;GASOLINA COMUM;2.732
08/07/2007;14/07/2007;MA;GASOLINA COMUM;2.736
15/07/2007;21/07/2007;MA;GASOLINA COMUM;2.724
22/07/2007;28/07/2007;MA;GASOLINA COMUM;2.727
29/07/2007;04/08/2007;MA;GASOLINA COMUM;2.723
05/08/2007;11/08/2007;MA;GASOLINA COMUM;2.722
12/08/2007;18/08/2007;MA;GASOLINA COMUM;2.717
19/08/2007;25/08/2007;MA;GASOLINA COMUM;2.711
26/08/2007;01/09/2007;MA;GASOLINA COMUM;2.711
02/09/2007;08/09/2007;MA;GASOLINA COMUM;2.712
09/09/2007;15/09/2007;MA;GASOLINA COMUM;2.707
16/09/2007;22/09/2007;MA;GASOLINA COMUM;2.706
23/09/2007;29/09/2007;MA;GASOLINA COMUM;2.702
30/09/2007;06/10/2007;MA;GASOLINA COMUM;2.699
07/10/2007;13/10/2007;MA;GASOLINA COMUM;2.698
14/10/2007;20/10/2007;MA;GASOLINA COMUM;2.697
21/10/2007;27/10/2007;MA;GASOLINA COMUM;2.697
28/10/2007;03/11/2007;MA;GASOLINA COMUM;2.698
04/11/2007;10/11/2007;MA;GASOLINA COMUM;2.693
11/11/2007;17/11/2007;MA;GASOLINA COMUM;2.697
18/11/2007;24/11/2007;MA;GASOLINA COMUM;2.695
25/11/2007;01/12/2007;MA;GASOLINA COMUM;2.695
02/12/2007;08/12/2007;MA;GASOLINA COMUM;2.694
09/12/2007;15/12/2007;MA;GASOLINA COMUM;2.695
16/12/2007;22/12/2007;MA;GASOLINA COMUM;2.695
23/12/2007;29/12/2007;MA;GASOLINA COMUM;2.697
30/12/2007;05/01/2008;MA;GASOLINA COMUM;2.693
07/01/2007;13/01/2007;MT;GASOLINA COMUM;2.946
14/01/2007;20/01/2007;MT;GASOLINA COMUM;2.943
21/01/2007;27/01/2007;MT;GASOLINA COMUM;2.945
28/01/2007;03/02/2007;MT;GASOLINA COMUM;2.944
04/02/2007;10/02/2007;MT;GASOLINA COMUM;2.943
11/02/2007;17/02/2007;MT;GASOLINA COMUM;2.943
18/02/2007;24/02/2007;MT;GASOLINA COMUM;2.943
25/02/2007;03/03/2007;MT;GASOLINA COMUM;2.941
04/03/2007;10/03/2007;MT;GASOLINA COMUM;2.94
11/03/2007;17/03/2007;MT;GASOLINA COMUM;2.938
18/03/2007;24/03/2007;MT;GASOLINA COMUM;2.935
25/03/2007;31/03/2007;MT;GASOLINA COMUM;2.937
01/04/2007;07/04/2007;MT;GASOLINA COMUM;2.936
08/04/2007;14/04/2007;MT;GASOLINA COMUM;2.934
15/04/2007;21/04/2007;MT;GASOLINA COMUM;2.935
22/04/2007;28/04/2007;MT;GASOLINA COMUM;2.933
29/04/2007;05/05/2007;MT;GASOLINA COMUM;2.932
06/05/2007;12/05/2007;MT;GASOLINA COMUM;2.931
13/05/2007;19/05/2007;MT;GASOLINA COMUM;2.93
20/05/2007;26/05/2007;MT;GASOLINA COMUM;2.929
27/05/2007;02/06/2007;MT;GASOLINA COMUM;2.919
03/06/2007;09/06/2007;MT;GASOLINA COMUM;2.935
10/06/2007;16/06/2007;MT;GASOLINA COMUM;2.937
17/06/2007;23/06/2007;MT;GASOLINA COMUM;2.937
24/06/2007;30/06/2007;MT;GASOLINA COMUM;2.936
01/07/2007;07/07/2007;MT;GASOLINA COMUM;2.935
08/07/2007;14/07/2007;MT;GASOLINA COMUM;2.933
15/07/2007;21/07/2007;MT;GASOLINA COMUM;2.929
22/07/2007;28/07/2007;MT;GASOLINA COMUM;2.93
29/07/2007;04/08/2007;MT;GASOLINA COMUM;2.904
05/08/2007;11/08/2007;MT;GASOLINA COMUM;2.762
12/08/2007;18/08/2007;MT;GASOLINA COMUM;2.818
19/08/2007;25/08/2007;MT;GASOLINA COMUM;2.821
26/08/2007;01/09/2007;MT;GASOLINA COMUM;2.82
02/09/2007;08/09/2007;MT;GASOLINA COMUM;2.82
09/09/2007;15/09/2007;MT;GASOLINA COMUM;2.816
16/09/2007;22/09/2007;MT;GASOLINA COMUM;2.818
23/09/2007;29/09/2007;MT;GASOLINA COMUM;2.818
30/09/2007;06/10/2007;MT;GASOLINA COMUM;2.813
07/10/2007;13/10/2007;MT;GASOLINA COMUM;2.816
14/10/2007;20/10/2007;MT;GASOLINA COMUM;2.818
21/10/2007;27/10/2007;MT;GASOLINA COMUM;2.868
28/10/2007;03/11/2007;MT;GASOLINA COMUM;2.879
04/11/2007;10/11/2007;MT;GASOLINA COMUM;2.878
11/11/2007;17/11/2007;MT;GASOLINA COMUM;2.876
18/11/2007;24/11/2007;MT;GASOLINA COMUM;2.876
25/11/2007;01/12/2007;MT;GASOLINA COMUM;2.878
02/12/2007;08/12/2007;MT;GASOLINA COMUM;2.879
09/12/2007;15/12/2007;MT;GASOLINA COMUM;2.879
16/12/2007;22/12/2007;MT;GASOLINA COMUM;2.864
23/12/2007;29/12/2007;MT;GASOLINA COMUM;2.881
30/12/2007;05/01/2008;MT;GASOLINA COMUM;2.832
07/01/2007;13/01/2007;MS;GASOLINA COMUM;2.739
14/01/2007;20/01/2007;MS;GASOLINA COMUM;2.739
21/01/2007;27/01/2007;MS;GASOLINA COMUM;2.732
28/01/2007;03/02/2007;MS;GASOLINA COMUM;2.728
04/02/2007;10/02/2007;MS;GASOLINA COMUM;2.691
11/02/2007;17/02/2007;MS;GASOLINA COMUM;2.676
18/02/2007;24/02/2007;MS;GASOLINA COMUM;2.695
25/02/2007;03/03/2007;MS;GASOLINA COMUM;2.695
04/03/2007;10/03/2007;MS;GASOLINA COMUM;2.718
11/03/2007;17/03/2007;MS;GASOLINA COMUM;2.72
18/03/2007;24/03/2007;MS;GASOLINA COMUM;2.662
25/03/2007;31/03/2007;MS;GASOLINA COMUM;2.629
01/04/2007;07/04/2007;MS;GASOLINA COMUM;2.632
08/04/2007;14/04/2007;MS;GASOLINA COMUM;2.662
15/04/2007;21/04/2007;MS;GASOLINA COMUM;2.67
22/04/2007;28/04/2007;MS;GASOLINA COMUM;2.684
29/04/2007;05/05/2007;MS;GASOLINA COMUM;2.688
06/05/2007;12/05/2007;MS;GASOLINA COMUM;2.701
13/05/2007;19/05/2007;MS;GASOLINA COMUM;2.721
20/05/2007;26/05/2007;MS;GASOLINA COMUM;2.748
27/05/2007;02/06/2007;MS;GASOLINA COMUM;2.765
03/06/2007;09/06/2007;MS;GASOLINA COMUM;2.768
10/06/2007;16/06/2007;MS;GASOLINA COMUM;2.771
17/06/2007;23/06/2007;MS;GASOLINA COMUM;2.767
24/06/2007;30/06/2007;MS;GASOLINA COMUM;2.759
01/07/2007;07/07/2007;MS;GASOLINA COMUM;2.738
08/07/2007;14/07/2007;MS;GASOLINA COMUM;2.729
15/07/2007;21/07/2007;MS;GASOLINA COMUM;2.721
22/07/2007;28/07/2007;MS;GASOLINA COMUM;2.712
29/07/2007;04/08/2007;MS;GASOLINA COMUM;2.703
05/08/2007;11/08/2007;MS;GASOLINA COMUM;2.69
12/08/2007;18/08/2007;MS;GASOLINA COMUM;2.692
19/08/2007;25/08/2007;MS;GASOLINA COMUM;2.68
26/08/2007;01/09/2007;MS;GASOLINA COMUM;2.677
02/09/2007;08/09/2007;MS;GASOLINA COMUM;2.679
09/09/2007;15/09/2007;MS;GASOLINA COMUM;2.673
16/09/2007;22/09/2007;MS;GASOLINA COMUM;2.679
23/09/2007;29/09/2007;MS;GASOLINA COMUM;2.669
30/09/2007;06/10/2007;MS;GASOLINA COMUM;2.667
07/10/2007;13/10/2007;MS;GASOLINA COMUM;2.675
14/10/2007;20/10/2007;MS;GASOLINA COMUM;2.673
21/10/2007;27/10/2007;MS;GASOLINA COMUM;2.676
28/10/2007;03/11/2007;MS;GASOLINA COMUM;2.673
04/11/2007;10/11/2007;MS;GASOLINA COMUM;2.671
11/11/2007;17/11/2007;MS;GASOLINA COMUM;2.665
18/11/2007;24/11/2007;MS;GASOLINA COMUM;2.761
25/11/2007;01/12/2007;MS;GASOLINA COMUM;2.784
02/12/2007;08/12/2007;MS;GASOLINA COMUM;2.787
09/12/2007;15/12/2007;MS;GASOLINA COMUM;2.803
16/12/2007;22/12/2007;MS;GASOLINA COMUM;2.811
23/12/2007;29/12/2007;MS;GASOLINA COMUM;2.805
30/12/2007;05/01/2008;MS;GASOLINA COMUM;2.806
07/01/2007;13/01/2007;MG;GASOLINA COMUM;2.471
14/01/2007;20/01/2007;MG;GASOLINA COMUM;2.469
21/01/2007;27/01/2007;MG;GASOLINA COMUM;2.469
28/01/2007;03/02/2007;MG;GASOLINA COMUM;2.461
04/02/2007;10/02/2007;MG;GASOLINA COMUM;2.452
11/02/2007;17/02/2007;MG;GASOLINA COMUM;2.447
18/02/2007;24/02/2007;MG;GASOLINA COMUM;2.448
25/02/2007;03/03/2007;MG;GASOLINA COMUM;2.442
04/03/2007;10/03/2007;MG;GASOLINA COMUM;2.443
11/03/2007;17/03/2007;MG;GASOLINA COMUM;2.515
18/03/2007;24/03/2007;MG;GASOLINA COMUM;2.512
25/03/2007;31/03/2007;MG;GASOLINA COMUM;2.503
01/04/2007;07/04/2007;MG;GASOLINA COMUM;2.498
08/04/2007;14/04/2007;MG;GASOLINA COMUM;2.505
15/04/2007;21/04/2007;MG;GASOLINA COMUM;2.512
22/04/2007;28/04/2007;MG;GASOLINA COMUM;2.51
29/04/2007;05/05/2007;MG;GASOLINA COMUM;2.511
06/05/2007;12/05/2007;MG;GASOLINA COMUM;2.509
13/05/2007;19/05/2007;MG;GASOLINA COMUM;2.503
20/05/2007;26/05/2007;MG;GASOLINA COMUM;2.496
27/05/2007;02/06/2007;MG;GASOLINA COMUM;2.494
03/06/2007;09/06/2007;MG;GASOLINA COMUM;2.487
10/06/2007;16/06/2007;MG;GASOLINA COMUM;2.472
17/06/2007;23/06/2007;MG;GASOLINA COMUM;2.462
24/06/2007;30/06/2007;MG;GASOLINA COMUM;2.451
01/07/2007;07/07/2007;MG;GASOLINA COMUM;2.457
08/07/2007;14/07/2007;MG;GASOLINA COMUM;2.45
15/07/2007;21/07/2007;MG;GASOLINA COMUM;2.443
22/07/2007;28/07/2007;MG;GASOLINA COMUM;2.434
29/07/2007;04/08/2007;MG;GASOLINA COMUM;2.433
05/08/2007;11/08/2007;MG;GASOLINA COMUM;2.437
12/08/2007;18/08/2007;MG;GASOLINA COMUM;2.466
19/08/2007;25/08/2007;MG;GASOLINA COMUM;2.443
26/08/2007;01/09/2007;MG;GASOLINA COMUM;2.425
02/09/2007;08/09/2007;MG;GASOLINA COMUM;2.418
09/09/2007;15/09/2007;MG;GASOLINA COMUM;2.408
16/09/2007;22/09/2007;MG;GASOLINA COMUM;2.41
23/09/2007;29/09/2007;MG;GASOLINA COMUM;2.41
30/09/2007;06/10/2007;MG;GASOLINA COMUM;2.41
07/10/2007;13/10/2007;MG;GASOLINA COMUM;2.407
14/10/2007;20/10/2007;MG;GASOLINA COMUM;2.409
21/10/2007;27/10/2007;MG;GASOLINA COMUM;2.409
28/10/2007;03/11/2007;MG;GASOLINA COMUM;2.406
04/11/2007;10/11/2007;MG;GASOLINA COMUM;2.41
11/11/2007;17/11/2007;MG;GASOLINA COMUM;2.436
18/11/2007;24/11/2007;MG;GASOLINA COMUM;2.471
25/11/2007;01/12/2007;MG;GASOLINA COMUM;2.474
02/12/2007;08/12/2007;MG;GASOLINA COMUM;2.471
09/12/2007;15/12/2007;MG;GASOLINA COMUM;2.477
16/12/2007;22/12/2007;MG;GASOLINA COMUM;2.469
23/12/2007;29/12/2007;MG;GASOLINA COMUM;2.472
30/12/2007;05/01/2008;MG;GASOLINA COMUM;2.476
07/01/2007;13/01/2007;PA;GASOLINA COMUM;2.626
14/01/2007;20/01/2007;PA;GASOLINA COMUM;2.623
21/01/2007;27/01/2007;PA;GASOLINA COMUM;2.613
28/01/2007;03/02/2007;PA;GASOLINA COMUM;2.617
04/02/2007;10/02/2007;PA;GASOLINA COMUM;2.599
11/02/2007;17/02/2007;PA;GASOLINA COMUM;2.596
18/02/2007;24/02/2007;PA;GASOLINA COMUM;2.6
25/02/2007;03/03/2007;PA;GASOLINA COMUM;2.597
04/03/2007;10/03/2007;PA;GASOLINA COMUM;2.595
11/03/2007;17/03/2007;PA;GASOLINA COMUM;2.59
18/03/2007;24/03/2007;PA;GASOLINA COMUM;2.577
25/03/2007;31/03/2007;PA;GASOLINA COMUM;2.575
01/04/2007;07/04/2007;PA;GASOLINA COMUM;2.558
08/04/2007;14/04/2007;PA;GASOLINA COMUM;2.562
15/04/2007;21/04/2007;PA;GASOLINA COMUM;2.59
22/04/2007;28/04/2007;PA;GASOLINA COMUM;2.63
29/04/2007;05/05/2007;PA;GASOLINA COMUM;2.65
06/05/2007;12/05/2007;PA;GASOLINA COMUM;2.671
13/05/2007;19/05/2007;PA;GASOLINA COMUM;2.671
20/05/2007;26/05/2007;PA;GASOLINA COMUM;2.671
27/05/2007;02/06/2007;PA;GASOLINA COMUM;2.667
03/06/2007;09/06/2007;PA;GASOLINA COMUM;2.666
10/06/2007;16/06/2007;PA;GASOLINA COMUM;2.661
17/06/2007;23/06/2007;PA;GASOLINA COMUM;2.651
24/06/2007;30/06/2007;PA;GASOLINA COMUM;2.655
01/07/2007;07/07/2007;PA;GASOLINA COMUM;2.651
08/07/2007;14/07/2007;PA;GASOLINA COMUM;2.642
15/07/2007;21/07/2007;PA;GASOLINA COMUM;2.641
22/07/2007;28/07/2007;PA;GASOLINA COMUM;2.634
29/07/2007;04/08/2007;PA;GASOLINA COMUM;2.633
05/08/2007;11/08/2007;PA;GASOLINA COMUM;2.631
12/08/2007;18/08/2007;PA;GASOLINA COMUM;2.631
19/08/2007;25/08/2007;PA;GASOLINA COMUM;2.635
26/08/2007;01/09/2007;PA;GASOLINA COMUM;2.631
02/09/2007;08/09/2007;PA;GASOLINA COMUM;2.631
09/09/2007;15/09/2007;PA;GASOLINA COMUM;2.63
16/09/2007;22/09/2007;PA;GASOLINA COMUM;2.634
23/09/2007;29/09/2007;PA;GASOLINA COMUM;2.624
30/09/2007;06/10/2007;PA;GASOLINA COMUM;2.626
07/10/2007;13/10/2007;PA;GASOLINA COMUM;2.618
14/10/2007;20/10/2007;PA;GASOLINA COMUM;2.62
21/10/2007;27/10/2007;PA;GASOLINA COMUM;2.614
28/10/2007;03/11/2007;PA;GASOLINA COMUM;2.621
04/11/2007;10/11/2007;PA;GASOLINA COMUM;2.612
11/11/2007;17/11/2007;PA;GASOLINA COMUM;2.624
18/11/2007;24/11/2007;PA;GASOLINA COMUM;2.621
25/11/2007;01/12/2007;PA;GASOLINA COMUM;2.62
02/12/2007;08/12/2007;PA;GASOLINA COMUM;2.649
09/12/2007;15/12/2007;PA;GASOLINA COMUM;2.718
16/12/2007;22/12/2007;PA;GASOLINA COMUM;2.735
23/12/2007;29/12/2007;PA;GASOLINA COMUM;2.742
30/12/2007;05/01/2008;PA;GASOLINA COMUM;2.739
07/01/2007;13/01/2007;PB;GASOLINA COMUM;2.617
14/01/2007;20/01/2007;PB;GASOLINA COMUM;2.63
21/01/2007;27/01/2007;PB;GASOLINA COMUM;2.629
28/01/2007;03/02/2007;PB;GASOLINA COMUM;2.627
04/02/2007;10/02/2007;PB;GASOLINA COMUM;2.626
11/02/2007;17/02/2007;PB;GASOLINA COMUM;2.627
18/02/2007;24/02/2007;PB;GASOLINA COMUM;2.622
25/02/2007;03/03/2007;PB;GASOLINA COMUM;2.626
04/03/2007;10/03/2007;PB;GASOLINA COMUM;2.625
11/03/2007;17/03/2007;PB;GASOLINA COMUM;2.648
18/03/2007;24/03/2007;PB;GASOLINA COMUM;2.651
25/03/2007;31/03/2007;PB;GASOLINA COMUM;2.65
01/04/2007;07/04/2007;PB;GASOLINA COMUM;2.651
08/04/2007;14/04/2007;PB;GASOLINA COMUM;2.65
15/04/2007;21/04/2007;PB;GASOLINA COMUM;2.653
22/04/2007;28/04/2007;PB;GASOLINA COMUM;2.65
29/04/2007;05/05/2007;PB;GASOLINA COMUM;2.652
06/05/2007;12/05/2007;PB;GASOLINA COMUM;2.629
13/05/2007;19/05/2007;PB;GASOLINA COMUM;2.608
20/05/2007;26/05/2007;PB;GASOLINA COMUM;2.585
27/05/2007;02/06/2007;PB;GASOLINA COMUM;2.563
03/06/2007;09/06/2007;PB;GASOLINA COMUM;2.539
10/06/2007;16/06/2007;PB;GASOLINA COMUM;2.533
17/06/2007;23/06/2007;PB;GASOLINA COMUM;2.528
24/06/2007;30/06/2007;PB;GASOLINA COMUM;2.52
01/07/2007;07/07/2007;PB;GASOLINA COMUM;2.51
08/07/2007;14/07/2007;PB;GASOLINA COMUM;2.498
15/07/2007;21/07/2007;PB;GASOLINA COMUM;2.497
22/07/2007;28/07/2007;PB;GASOLINA COMUM;2.488
29/07/2007;04/08/2007;PB;GASOLINA COMUM;2.48
05/08/2007;11/08/2007;PB;GASOLINA COMUM;2.458
12/08/2007;18/08/2007;PB;GASOLINA COMUM;2.449
19/08/2007;25/08/2007;PB;GASOLINA COMUM;2.442
26/08/2007;01/09/2007;PB;GASOLINA COMUM;2.439
02/09/2007;08/09/2007;PB;GASOLINA COMUM;2.423
09/09/2007;15/09/2007;PB;GASOLINA COMUM;2.424
16/09/2007;22/09/2007;PB;GASOLINA COMUM;2.424
23/09/2007;29/09/2007;PB;GASOLINA COMUM;2.43
30/09/2007;06/10/2007;PB;GASOLINA COMUM;2.432
07/10/2007;13/10/2007;PB;GASOLINA COMUM;2.42
14/10/2007;20/10/2007;PB;GASOLINA COMUM;2.42
21/10/2007;27/10/2007;PB;GASOLINA COMUM;2.453
28/10/2007;03/11/2007;PB;GASOLINA COMUM;2.434
04/11/2007;10/11/2007;PB;GASOLINA COMUM;2.42
11/11/2007;17/11/2007;PB;GASOLINA COMUM;2.42
18/11/2007;24/11/2007;PB;GASOLINA COMUM;2.416
25/11/2007;01/12/2007;PB;GASOLINA COMUM;2.417
02/12/2007;08/12/2007;PB;GASOLINA COMUM;2.415
09/12/2007;15/12/2007;PB;GASOLINA COMUM;2.419
16/12/2007;22/12/2007;PB;GASOLINA COMUM;2.417
23/12/2007;29/12/2007;PB;GASOLINA COMUM;2.417
30/12/2007;05/01/2008;PB;GASOLINA COMUM;2.419
07/01/2007;13/01/2007;PR;GASOLINA COMUM;2.502
14/01/2007;20/01/2007;PR;GASOLINA COMUM;2.495
21/01/2007;27/01/2007;PR;GASOLINA COMUM;2.476
28/01/2007;03/02/2007;PR;GASOLINA COMUM;2.398
04/02/2007;10/02/2007;PR;GASOLINA COMUM;2.371
11/02/2007;17/02/2007;PR;GASOLINA COMUM;2.508
18/02/2007;24/02/2007;PR;GASOLINA COMUM;2.525
25/02/2007;03/03/2007;PR;GASOLINA COMUM;2.508
04/03/2007;10/03/2007;PR;GASOLINA COMUM;2.494
11/03/2007;17/03/2007;PR;GASOLINA COMUM;2.453
18/03/2007;24/03/2007;PR;GASOLINA COMUM;2.409
25/03/2007;31/03/2007;PR;GASOLINA COMUM;2.391
01/04/2007;07/04/2007;PR;GASOLINA COMUM;2.421
08/04/2007;14/04/2007;PR;GASOLINA COMUM;2.453
15/04/2007;21/04/2007;PR;GASOLINA COMUM;2.452
22/04/2007;28/04/2007;PR;GASOLINA COMUM;2.445
29/04/2007;05/05/2007;PR;GASOLINA COMUM;2.413
06/05/2007;12/05/2007;PR;GASOLINA COMUM;2.398
13/05/2007;19/05/2007;PR;GASOLINA COMUM;2.381
20/05/2007;26/05/2007;PR;GASOLINA COMUM;2.364
27/05/2007;02/06/2007;PR;GASOLINA COMUM;2.407
03/06/2007;09/06/2007;PR;GASOLINA COMUM;2.414
10/06/2007;16/06/2007;PR;GASOLINA COMUM;2.412
17/06/2007;23/06/2007;PR;GASOLINA COMUM;2.384
24/06/2007;30/06/2007;PR;GASOLINA COMUM;2.354
01/07/2007;07/07/2007;PR;GASOLINA COMUM;2.354
08/07/2007;14/07/2007;PR;GASOLINA COMUM;2.406
15/07/2007;21/07/2007;PR;GASOLINA COMUM;2.414
22/07/2007;28/07/2007;PR;GASOLINA COMUM;2.435
29/07/2007;04/08/2007;PR;GASOLINA COMUM;2.452
05/08/2007;11/08/2007;PR;GASOLINA COMUM;2.454
12/08/2007;18/08/2007;PR;GASOLINA COMUM;2.453
19/08/2007;25/08/2007;PR;GASOLINA COMUM;2.454
26/08/2007;01/09/2007;PR;GASOLINA COMUM;2.456
02/09/2007;08/09/2007;PR;GASOLINA COMUM;2.45
09/09/2007;15/09/2007;PR;GASOLINA COMUM;2.451
16/09/2007;22/09/2007;PR;GASOLINA COMUM;2.454
23/09/2007;29/09/2007;PR;GASOLINA COMUM;2.443
30/09/2007;06/10/2007;PR;GASOLINA COMUM;2.439
07/10/2007;13/10/2007;PR;GASOLINA COMUM;2.453
14/10/2007;20/10/2007;PR;GASOLINA COMUM;2.444
21/10/2007;27/10/2007;PR;GASOLINA COMUM;2.446
28/10/2007;03/11/2007;PR;GASOLINA COMUM;2.448
04/11/2007;10/11/2007;PR;GASOLINA COMUM;2.441
11/11/2007;17/11/2007;PR;GASOLINA COMUM;2.45
18/11/2007;24/11/2007;PR;GASOLINA COMUM;2.46
25/11/2007;01/12/2007;PR;GASOLINA COMUM;2.455
02/12/2007;08/12/2007;PR;GASOLINA COMUM;2.463
09/12/2007;15/12/2007;PR;GASOLINA COMUM;2.466
16/12/2007;22/12/2007;PR;GASOLINA COMUM;2.449
23/12/2007;29/12/2007;PR;GASOLINA COMUM;2.424
30/12/2007;05/01/2008;PR;GASOLINA COMUM;2.458
07/01/2007;13/01/2007;PE;GASOLINA COMUM;2.629
14/01/2007;20/01/2007;PE;GASOLINA COMUM;2.528
21/01/2007;27/01/2007;PE;GASOLINA COMUM;2.622
28/01/2007;03/02/2007;PE;GASOLINA COMUM;2.647
04/02/2007;10/02/2007;PE;GASOLINA COMUM;2.658
11/02/2007;17/02/2007;PE;GASOLINA COMUM;2.548
18/02/2007;24/02/2007;PE;GASOLINA COMUM;2.586
25/02/2007;03/03/2007;PE;GASOLINA COMUM;2.472
04/03/2007;10/03/2007;PE;GASOLINA COMUM;2.507
11/03/2007;17/03/2007;PE;GASOLINA COMUM;2.636
18/03/2007;24/03/2007;PE;GASOLINA COMUM;2.649
25/03/2007;31/03/2007;PE;GASOLINA COMUM;2.652
01/04/2007;07/04/2007;PE;GASOLINA COMUM;2.659
08/04/2007;14/04/2007;PE;GASOLINA COMUM;2.664
15/04/2007;21/04/2007;PE;GASOLINA COMUM;2.656
22/04/2007;28/04/2007;PE;GASOLINA COMUM;2.656
29/04/2007;05/05/2007;PE;GASOLINA COMUM;2.586
06/05/2007;12/05/2007;PE;GASOLINA COMUM;2.602
13/05/2007;19/05/2007;PE;GASOLINA COMUM;2.622
20/05/2007;26/05/2007;PE;GASOLINA COMUM;2.649
27/05/2007;02/06/2007;PE;GASOLINA COMUM;2.654
03/06/2007;09/06/2007;PE;GASOLINA COMUM;2.661
10/06/2007;16/06/2007;PE;GASOLINA COMUM;2.663
17/06/2007;23/06/2007;PE;GASOLINA COMUM;2.658
24/06/2007;30/06/2007;PE;GASOLINA COMUM;2.657
01/07/2007;07/07/2007;PE;GASOLINA COMUM;2.604
08/07/2007;14/07/2007;PE;GASOLINA COMUM;2.617
15/07/2007;21/07/2007;PE;GASOLINA COMUM;2.539
22/07/2007;28/07/2007;PE;GASOLINA COMUM;2.439
29/07/2007;04/08/2007;PE;GASOLINA COMUM;2.418
05/08/2007;11/08/2007;PE;GASOLINA COMUM;2.655
12/08/2007;18/08/2007;PE;GASOLINA COMUM;2.659
19/08/2007;25/08/2007;PE;GASOLINA COMUM;2.661
26/08/2007;01/09/2007;PE;GASOLINA COMUM;2.66
02/09/2007;08/09/2007;PE;GASOLINA COMUM;2.662
09/09/2007;15/09/2007;PE;GASOLINA COMUM;2.659
16/09/2007;22/09/2007;PE;GASOLINA COMUM;2.659
23/09/2007;29/09/2007;PE;GASOLINA COMUM;2.654
30/09/2007;06/10/2007;PE;GASOLINA COMUM;2.579
07/10/2007;13/10/2007;PE;GASOLINA COMUM;2.466
14/10/2007;20/10/2007;PE;GASOLINA COMUM;2.583
21/10/2007;27/10/2007;PE;GASOLINA COMUM;2.613
28/10/2007;03/11/2007;PE;GASOLINA COMUM;2.469
04/11/2007;10/11/2007;PE;GASOLINA COMUM;2.442
11/11/2007;17/11/2007;PE;GASOLINA COMUM;2.453
18/11/2007;24/11/2007;PE;GASOLINA COMUM;2.593
25/11/2007;01/12/2007;PE;GASOLINA COMUM;2.593
02/12/2007;08/12/2007;PE;GASOLINA COMUM;2.59
09/12/2007;15/12/2007;PE;GASOLINA COMUM;2.596
16/12/2007;22/12/2007;PE;GASOLINA COMUM;2.597
23/12/2007;29/12/2007;PE;GASOLINA COMUM;2.593
30/12/2007;05/01/2008;PE;GASOLINA COMUM;2.596
07/01/2007;13/01/2007;PI;GASOLINA COMUM;2.366
14/01/2007;20/01/2007;PI;GASOLINA COMUM;2.387
21/01/2007;27/01/2007;PI;GASOLINA COMUM;2.377
28/01/2007;03/02/2007;PI;GASOLINA COMUM;2.371
04/02/2007;10/02/2007;PI;GASOLINA COMUM;2.372
11/02/2007;17/02/2007;PI;GASOLINA COMUM;2.415
18/02/2007;24/02/2007;PI;GASOLINA COMUM;2.411
25/02/2007;03/03/2007;PI;GASOLINA COMUM;2.499
04/03/2007;10/03/2007;PI;GASOLINA COMUM;2.505
11/03/2007;17/03/2007;PI;GASOLINA COMUM;2.505
18/03/2007;24/03/2007;PI;GASOLINA COMUM;2.512
25/03/2007;31/03/2007;PI;GASOLINA COMUM;2.511
01/04/2007;07/04/2007;PI;GASOLINA COMUM;2.507
08/04/2007;14/04/2007;PI;GASOLINA COMUM;2.594
15/04/2007;21/04/2007;PI;GASOLINA COMUM;2.6
22/04/2007;28/04/2007;PI;GASOLINA COMUM;2.599
29/04/2007;05/05/2007;PI;GASOLINA COMUM;2.601
06/05/2007;12/05/2007;PI;GASOLINA COMUM;2.601
13/05/2007;19/05/2007;PI;GASOLINA COMUM;2.601
20/05/2007;26/05/2007;PI;GASOLINA COMUM;2.599
27/05/2007;02/06/2007;PI;GASOLINA COMUM;2.598
03/06/2007;09/06/2007;PI;GASOLINA COMUM;2.599
10/06/2007;16/06/2007;PI;GASOLINA COMUM;2.598
17/06/2007;23/06/2007;PI;GASOLINA COMUM;2.614
24/06/2007;30/06/2007;PI;GASOLINA COMUM;2.651
01/07/2007;07/07/2007;PI;GASOLINA COMUM;2.65
08/07/2007;14/07/2007;PI;GASOLINA COMUM;2.62
15/07/2007;21/07/2007;PI;GASOLINA COMUM;2.602
22/07/2007;28/07/2007;PI;GASOLINA COMUM;2.596
29/07/2007;04/08/2007;PI;GASOLINA COMUM;2.577
05/08/2007;11/08/2007;PI;GASOLINA COMUM;2.662
12/08/2007;18/08/2007;PI;GASOLINA COMUM;2.666
19/08/2007;25/08/2007;PI;GASOLINA COMUM;2.667
26/08/2007;01/09/2007;PI;GASOLINA COMUM;2.566
02/09/2007;08/09/2007;PI;GASOLINA COMUM;2.586
09/09/2007;15/09/2007;PI;GASOLINA COMUM;2.585
16/09/2007;22/09/2007;PI;GASOLINA COMUM;2.588
23/09/2007;29/09/2007;PI;GASOLINA COMUM;2.558
30/09/2007;06/10/2007;PI;GASOLINA COMUM;2.637
07/10/2007;13/10/2007;PI;GASOLINA COMUM;2.63
14/10/2007;20/10/2007;PI;GASOLINA COMUM;2.632
21/10/2007;27/10/2007;PI;GASOLINA COMUM;2.631
28/10/2007;03/11/2007;PI;GASOLINA COMUM;2.63
04/11/2007;10/11/2007;PI;GASOLINA COMUM;2.627
11/11/2007;17/11/2007;PI;GASOLINA COMUM;2.573
18/11/2007;24/11/2007;PI;GASOLINA COMUM;2.545
25/11/2007;01/12/2007;PI;GASOLINA COMUM;2.589
02/12/2007;08/12/2007;PI;GASOLINA COMUM;2.59
09/12/2007;15/12/2007;PI;GASOLINA COMUM;2.582
16/12/2007;22/12/2007;PI;GASOLINA COMUM;2.582
23/12/2007;29/12/2007;PI;GASOLINA COMUM;2.578
30/12/2007;05/01/2008;PI;GASOLINA COMUM;2.581
07/01/2007;13/01/2007;RN;GASOLINA COMUM;2.571
14/01/2007;20/01/2007;RN;GASOLINA COMUM;2.569
21/01/2007;27/01/2007;RN;GASOLINA COMUM;2.57
28/01/2007;03/02/2007;RN;GASOLINA COMUM;2.567
04/02/2007;10/02/2007;RN;GASOLINA COMUM;2.565
11/02/2007;17/02/2007;RN;GASOLINA COMUM;2.546
18/02/2007;24/02/2007;RN;GASOLINA COMUM;2.547
25/02/2007;03/03/2007;RN;GASOLINA COMUM;2.542
04/03/2007;10/03/2007;RN;GASOLINA COMUM;2.566
11/03/2007;17/03/2007;RN;GASOLINA COMUM;2.543
18/03/2007;24/03/2007;RN;GASOLINA COMUM;2.654
25/03/2007;31/03/2007;RN;GASOLINA COMUM;2.647
01/04/2007;07/04/2007;RN;GASOLINA COMUM;2.609
08/04/2007;14/04/2007;RN;GASOLINA COMUM;2.589
15/04/2007;21/04/2007;RN;GASOLINA COMUM;2.55
22/04/2007;28/04/2007;RN;GASOLINA COMUM;2.632
29/04/2007;05/05/2007;RN;GASOLINA COMUM;2.631
06/05/2007;12/05/2007;RN;GASOLINA COMUM;2.613
13/05/2007;19/05/2007;RN;GASOLINA COMUM;2.581
20/05/2007;26/05/2007;RN;GASOLINA COMUM;2.592
27/05/2007;02/06/2007;RN;GASOLINA COMUM;2.59
03/06/2007;09/06/2007;RN;GASOLINA COMUM;2.577
10/06/2007;16/06/2007;RN;GASOLINA COMUM;2.543
17/06/2007;23/06/2007;RN;GASOLINA COMUM;2.535
24/06/2007;30/06/2007;RN;GASOLINA COMUM;2.483
01/07/2007;07/07/2007;RN;GASOLINA COMUM;2.382
08/07/2007;14/07/2007;RN;GASOLINA COMUM;2.472
15/07/2007;21/07/2007;RN;GASOLINA COMUM;2.558
22/07/2007;28/07/2007;RN;GASOLINA COMUM;2.536
29/07/2007;04/08/2007;RN;GASOLINA COMUM;2.518
05/08/2007;11/08/2007;RN;GASOLINA COMUM;2.512
12/08/2007;18/08/2007;RN;GASOLINA COMUM;2.478
19/08/2007;25/08/2007;RN;GASOLINA COMUM;2.508
26/08/2007;01/09/2007;RN;GASOLINA COMUM;2.494
02/09/2007;08/09/2007;RN;GASOLINA COMUM;2.481
09/09/2007;15/09/2007;RN;GASOLINA COMUM;2.499
16/09/2007;22/09/2007;RN;GASOLINA COMUM;2.506
23/09/2007;29/09/2007;RN;GASOLINA COMUM;2.479
30/09/2007;06/10/2007;RN;GASOLINA COMUM;2.472
07/10/2007;13/10/2007;RN;GASOLINA COMUM;2.457
14/10/2007;20/10/2007;RN;GASOLINA COMUM;2.468
21/10/2007;27/10/2007;RN;GASOLINA COMUM;2.567
28/10/2007;03/11/2007;RN;GASOLINA COMUM;2.569
04/11/2007;10/11/2007;RN;GASOLINA COMUM;2.576
11/11/2007;17/11/2007;RN;GASOLINA COMUM;2.573
18/11/2007;24/11/2007;RN;GASOLINA COMUM;2.552
25/11/2007;01/12/2007;RN;GASOLINA COMUM;2.524
02/12/2007;08/12/2007;RN;GASOLINA COMUM;2.544
09/12/2007;15/12/2007;RN;GASOLINA COMUM;2.582
16/12/2007;22/12/2007;RN;GASOLINA COMUM;2.575
23/12/2007;29/12/2007;RN;GASOLINA COMUM;2.57
30/12/2007;05/01/2008;RN;GASOLINA COMUM;2.579
07/01/2007;13/01/2007;RS;GASOLINA COMUM;2.683
14/01/2007;20/01/2007;RS;GASOLINA COMUM;2.661
21/01/2007;27/01/2007;RS;GASOLINA COMUM;2.644
28/01/2007;03/02/2007;RS;GASOLINA COMUM;2.607
04/02/2007;10/02/2007;RS;GASOLINA COMUM;2.571
11/02/2007;17/02/2007;RS;GASOLINA COMUM;2.543
18/02/2007;24/02/2007;RS;GASOLINA COMUM;2.575
25/02/2007;03/03/2007;RS;GASOLINA COMUM;2.577
04/03/2007;10/03/2007;RS;GASOLINA COMUM;2.577
11/03/2007;17/03/2007;RS;GASOLINA COMUM;2.602
18/03/2007;24/03/2007;RS;GASOLINA COMUM;2.587
25/03/2007;31/03/2007;RS;GASOLINA COMUM;2.567
01/04/2007;07/04/2007;RS;GASOLINA COMUM;2.557
08/04/2007;14/04/2007;RS;GASOLINA COMUM;2.558
15/04/2007;21/04/2007;RS;GASOLINA COMUM;2.618
22/04/2007;28/04/2007;RS;GASOLINA COMUM;2.623
29/04/2007;05/05/2007;RS;GASOLINA COMUM;2.613
06/05/2007;12/05/2007;RS;GASOLINA COMUM;2.591
13/05/2007;19/05/2007;RS;GASOLINA COMUM;2.566
20/05/2007;26/05/2007;RS;GASOLINA COMUM;2.528
27/05/2007;02/06/2007;RS;GASOLINA COMUM;2.527
03/06/2007;09/06/2007;RS;GASOLINA COMUM;2.603
10/06/2007;16/06/2007;RS;GASOLINA COMUM;2.605
17/06/2007;23/06/2007;RS;GASOLINA COMUM;2.603
24/06/2007;30/06/2007;RS;GASOLINA COMUM;2.598
01/07/2007;07/07/2007;RS;GASOLINA COMUM;2.587
08/07/2007;14/07/2007;RS;GASOLINA COMUM;2.574
15/07/2007;21/07/2007;RS;GASOLINA COMUM;2.566
22/07/2007;28/07/2007;RS;GASOLINA COMUM;2.576
29/07/2007;04/08/2007;RS;GASOLINA COMUM;2.558
05/08/2007;11/08/2007;RS;GASOLINA COMUM;2.546
12/08/2007;18/08/2007;RS;GASOLINA COMUM;2.538
19/08/2007;25/08/2007;RS;GASOLINA COMUM;2.53
26/08/2007;01/09/2007;RS;GASOLINA COMUM;2.514
02/09/2007;08/09/2007;RS;GASOLINA COMUM;2.517
09/09/2007;15/09/2007;RS;GASOLINA COMUM;2.497
16/09/2007;22/09/2007;RS;GASOLINA COMUM;2.469
23/09/2007;29/09/2007;RS;GASOLINA COMUM;2.442
30/09/2007;06/10/2007;RS;GASOLINA COMUM;2.469
07/10/2007;13/10/2007;RS;GASOLINA COMUM;2.488
14/10/2007;20/10/2007;RS;GASOLINA COMUM;2.455
21/10/2007;27/10/2007;RS;GASOLINA COMUM;2.536
28/10/2007;03/11/2007;RS;GASOLINA COMUM;2.536
04/11/2007;10/11/2007;RS;GASOLINA COMUM;2.537
11/11/2007;17/11/2007;RS;GASOLINA COMUM;2.537
18/11/2007;24/11/2007;RS;GASOLINA COMUM;2.538
25/11/2007;01/12/2007;RS;GASOLINA COMUM;2.581
02/12/2007;08/12/2007;RS;GASOLINA COMUM;2.594
09/12/2007;15/12/2007;RS;GASOLINA COMUM;2.565
16/12/2007;22/12/2007;RS;GASOLINA COMUM;2.565
23/12/2007;29/12/2007;RS;GASOLINA COMUM;2.573
30/12/2007;05/01/2008;RS;GASOLINA COMUM;2.567
07/01/2007;13/01/2007;RJ;GASOLINA COMUM;2.525
14/01/2007;20/01/2007;RJ;GASOLINA COMUM;2.533
21/01/2007;27/01/2007;RJ;GASOLINA COMUM;2.532
28/01/2007;03/02/2007;RJ;GASOLINA COMUM;2.532
04/02/2007;10/02/2007;RJ;GASOLINA COMUM;2.531
11/02/2007;17/02/2007;RJ;GASOLINA COMUM;2.53
18/02/2007;24/02/2007;RJ;GASOLINA COMUM;2.528
25/02/2007;03/03/2007;RJ;GASOLINA COMUM;2.528
04/03/2007;10/03/2007;RJ;GASOLINA COMUM;2.527
11/03/2007;17/03/2007;RJ;GASOLINA COMUM;2.53
18/03/2007;24/03/2007;RJ;GASOLINA COMUM;2.526
25/03/2007;31/03/2007;RJ;GASOLINA COMUM;2.526
01/04/2007;07/04/2007;RJ;GASOLINA COMUM;2.532
08/04/2007;14/04/2007;RJ;GASOLINA COMUM;2.551
15/04/2007;21/04/2007;RJ;GASOLINA COMUM;2.556
22/04/2007;28/04/2007;RJ;GASOLINA COMUM;2.561
29/04/2007;05/05/2007;RJ;GASOLINA COMUM;2.558
06/05/2007;12/05/2007;RJ;GASOLINA COMUM;2.562
13/05/2007;19/05/2007;RJ;GASOLINA COMUM;2.558
20/05/2007;26/05/2007;RJ;GASOLINA COMUM;2.562
27/05/2007;02/06/2007;RJ;GASOLINA COMUM;2.558
03/06/2007;09/06/2007;RJ;GASOLINA COMUM;2.557
10/06/2007;16/06/2007;RJ;GASOLINA COMUM;2.547
17/06/2007;23/06/2007;RJ;GASOLINA COMUM;2.547
24/06/2007;30/06/2007;RJ;GASOLINA COMUM;2.54
01/07/2007;07/07/2007;RJ;GASOLINA COMUM;2.538
08/07/2007;14/07/2007;RJ;GASOLINA COMUM;2.532
15/07/2007;21/07/2007;RJ;GASOLINA COMUM;2.533
22/07/2007;28/07/2007;RJ;GASOLINA COMUM;2.526
29/07/2007;04/08/2007;RJ;GASOLINA COMUM;2.527
05/08/2007;11/08/2007;RJ;GASOLINA COMUM;2.52
12/08/2007;18/08/2007;RJ;GASOLINA COMUM;2.525
19/08/2007;25/08/2007;RJ;GASOLINA COMUM;2.532
26/08/2007;01/09/2007;RJ;GASOLINA COMUM;2.519
02/09/2007;08/09/2007;RJ;GASOLINA COMUM;2.529
09/09/2007;15/09/2007;RJ;GASOLINA COMUM;2.516
16/09/2007;22/09/2007;RJ;GASOLINA COMUM;2.512
23/09/2007;29/09/2007;RJ;GASOLINA COMUM;2.518
30/09/2007;06/10/2007;RJ;GASOLINA COMUM;2.519
07/10/2007;13/10/2007;RJ;GASOLINA COMUM;2.513
14/10/2007;20/10/2007;RJ;GASOLINA COMUM;2.509
21/10/2007;27/10/2007;RJ;GASOLINA COMUM;2.512
28/10/2007;03/11/2007;RJ;GASOLINA COMUM;2.517
04/11/2007;10/11/2007;RJ;GASOLINA COMUM;2.514
11/11/2007;17/11/2007;RJ;GASOLINA COMUM;2.51
18/11/2007;24/11/2007;RJ;GASOLINA COMUM;2.519
25/11/2007;01/12/2007;RJ;GASOLINA COMUM;2.527
02/12/2007;08/12/2007;RJ;GASOLINA COMUM;2.526
09/12/2007;15/12/2007;RJ;GASOLINA COMUM;2.532
16/12/2007;22/12/2007;RJ;GASOLINA COMUM;2.541
23/12/2007;29/12/2007;RJ;GASOLINA COMUM;2.54
30/12/2007;05/01/2008;RJ;GASOLINA COMUM;2.536
07/01/2007;13/01/2007;RO;GASOLINA COMUM;2.736
14/01/2007;20/01/2007;RO;GASOLINA COMUM;2.744
21/01/2007;27/01/2007;RO;GASOLINA COMUM;2.746
28/01/2007;03/02/2007;RO;GASOLINA COMUM;2.738
04/02/2007;10/02/2007;RO;GASOLINA COMUM;2.731
11/02/2007;17/02/2007;RO;GASOLINA COMUM;2.726
18/02/2007;24/02/2007;RO;GASOLINA COMUM;2.72
25/02/2007;03/03/2007;RO;GASOLINA COMUM;2.721
04/03/2007;10/03/2007;RO;GASOLINA COMUM;2.721
11/03/2007;17/03/2007;RO;GASOLINA COMUM;2.724
18/03/2007;24/03/2007;RO;GASOLINA COMUM;2.679
25/03/2007;31/03/2007;RO;GASOLINA COMUM;2.67
01/04/2007;07/04/2007;RO;GASOLINA COMUM;2.685
08/04/2007;14/04/2007;RO;GASOLINA COMUM;2.669
15/04/2007;21/04/2007;RO;GASOLINA COMUM;2.669
22/04/2007;28/04/2007;RO;GASOLINA COMUM;2.668
29/04/2007;05/05/2007;RO;GASOLINA COMUM;2.675
06/05/2007;12/05/2007;RO;GASOLINA COMUM;2.672
13/05/2007;19/05/2007;RO;GASOLINA COMUM;2.68
20/05/2007;26/05/2007;RO;GASOLINA COMUM;2.678
27/05/2007;02/06/2007;RO;GASOLINA COMUM;2.693
03/06/2007;09/06/2007;RO;GASOLINA COMUM;2.701
10/06/2007;16/06/2007;RO;GASOLINA COMUM;2.673
17/06/2007;23/06/2007;RO;GASOLINA COMUM;2.662
24/06/2007;30/06/2007;RO;GASOLINA COMUM;2.655
01/07/2007;07/07/2007;RO;GASOLINA COMUM;2.654
08/07/2007;14/07/2007;RO;GASOLINA COMUM;2.65
15/07/2007;21/07/2007;RO;GASOLINA COMUM;2.64
22/07/2007;28/07/2007;RO;GASOLINA COMUM;2.652
29/07/2007;04/08/2007;RO;GASOLINA COMUM;2.646
05/08/2007;11/08/2007;RO;GASOLINA COMUM;2.639
12/08/2007;18/08/2007;RO;GASOLINA COMUM;2.63
19/08/2007;25/08/2007;RO;GASOLINA COMUM;2.614
26/08/2007;01/09/2007;RO;GASOLINA COMUM;2.638
02/09/2007;08/09/2007;RO;GASOLINA COMUM;2.654
09/09/2007;15/09/2007;RO;GASOLINA COMUM;2.642
16/09/2007;22/09/2007;RO;GASOLINA COMUM;2.649
23/09/2007;29/09/2007;RO;GASOLINA COMUM;2.647
30/09/2007;06/10/2007;RO;GASOLINA COMUM;2.672
07/10/2007;13/10/2007;RO;GASOLINA COMUM;2.662
14/10/2007;20/10/2007;RO;GASOLINA COMUM;2.675
21/10/2007;27/10/2007;RO;GASOLINA COMUM;2.683
28/10/2007;03/11/2007;RO;GASOLINA COMUM;2.681
04/11/2007;10/11/2007;RO;GASOLINA COMUM;2.689
11/11/2007;17/11/2007;RO;GASOLINA COMUM;2.675
18/11/2007;24/11/2007;RO;GASOLINA COMUM;2.678
25/11/2007;01/12/2007;RO;GASOLINA COMUM;2.676
02/12/2007;08/12/2007;RO;GASOLINA COMUM;2.679
09/12/2007;15/12/2007;RO;GASOLINA COMUM;2.673
16/12/2007;22/12/2007;RO;GASOLINA COMUM;2.695
23/12/2007;29/12/2007;RO;GASOLINA COMUM;2.688
30/12/2007;05/01/2008;RO;GASOLINA COMUM;2.684
07/01/2007;13/01/2007;RR;GASOLINA COMUM;2.757
14/01/2007;20/01/2007;RR;GASOLINA COMUM;2.756
21/01/2007;27/01/2007;RR;GASOLINA COMUM;2.759
28/01/2007;03/02/2007;RR;GASOLINA COMUM;2.762
04/02/2007;10/02/2007;RR;GASOLINA COMUM;2.762
11/02/2007;17/02/2007;RR;GASOLINA COMUM;2.765
18/02/2007;24/02/2007;RR;GASOLINA COMUM;2.763
25/02/2007;03/03/2007;RR;GASOLINA COMUM;2.762
04/03/2007;10/03/2007;RR;GASOLINA COMUM;2.762
11/03/2007;17/03/2007;RR;GASOLINA COMUM;2.765
18/03/2007;24/03/2007;RR;GASOLINA COMUM;2.764
25/03/2007;31/03/2007;RR;GASOLINA COMUM;2.765
01/04/2007;07/04/2007;RR;GASOLINA COMUM;2.737
08/04/2007;14/04/2007;RR;GASOLINA COMUM;2.703
15/04/2007;21/04/2007;RR;GASOLINA COMUM;2.671
22/04/2007;28/04/2007;RR;GASOLINA COMUM;2.669
29/04/2007;05/05/2007;RR;GASOLINA COMUM;2.625
06/05/2007;12/05/2007;RR;GASOLINA COMUM;2.597
13/05/2007;19/05/2007;RR;GASOLINA COMUM;2.594
20/05/2007;26/05/2007;RR;GASOLINA COMUM;2.593
27/05/2007;02/06/2007;RR;GASOLINA COMUM;2.577
03/06/2007;09/06/2007;RR;GASOLINA COMUM;2.574
10/06/2007;16/06/2007;RR;GASOLINA COMUM;2.567
17/06/2007;23/06/2007;RR;GASOLINA COMUM;2.57
24/06/2007;30/06/2007;RR;GASOLINA COMUM;2.55
01/07/2007;07/07/2007;RR;GASOLINA COMUM;2.575
08/07/2007;14/07/2007;RR;GASOLINA COMUM;2.57
15/07/2007;21/07/2007;RR;GASOLINA COMUM;2.57
22/07/2007;28/07/2007;RR;GASOLINA COMUM;2.573
29/07/2007;04/08/2007;RR;GASOLINA COMUM;2.575
05/08/2007;11/08/2007;RR;GASOLINA COMUM;2.576
12/08/2007;18/08/2007;RR;GASOLINA COMUM;2.574
19/08/2007;25/08/2007;RR;GASOLINA COMUM;2.573
26/08/2007;01/09/2007;RR;GASOLINA COMUM;2.574
02/09/2007;08/09/2007;RR;GASOLINA COMUM;2.575
09/09/2007;15/09/2007;RR;GASOLINA COMUM;2.573
16/09/2007;22/09/2007;RR;GASOLINA COMUM;2.583
23/09/2007;29/09/2007;RR;GASOLINA COMUM;2.574
30/09/2007;06/10/2007;RR;GASOLINA COMUM;2.576
07/10/2007;13/10/2007;RR;GASOLINA COMUM;2.571
14/10/2007;20/10/2007;RR;GASOLINA COMUM;2.577
21/10/2007;27/10/2007;RR;GASOLINA COMUM;2.569
28/10/2007;03/11/2007;RR;GASOLINA COMUM;2.57
04/11/2007;10/11/2007;RR;GASOLINA COMUM;2.569
11/11/2007;17/11/2007;RR;GASOLINA COMUM;2.573
18/11/2007;24/11/2007;RR;GASOLINA COMUM;2.562
25/11/2007;01/12/2007;RR;GASOLINA COMUM;2.571
02/12/2007;08/12/2007;RR;GASOLINA COMUM;2.574
09/12/2007;15/12/2007;RR;GASOLINA COMUM;2.569
16/12/2007;22/12/2007;RR;GASOLINA COMUM;2.573
23/12/2007;29/12/2007;RR;GASOLINA COMUM;2.675
30/12/2007;05/01/2008;RR;GASOLINA COMUM;2.672
07/01/2007;13/01/2007;SC;GASOLINA COMUM;2.562
14/01/2007;20/01/2007;SC;GASOLINA COMUM;2.561
21/01/2007;27/01/2007;SC;GASOLINA COMUM;2.553
28/01/2007;03/02/2007;SC;GASOLINA COMUM;2.552
04/02/2007;10/02/2007;SC;GASOLINA COMUM;2.548
11/02/2007;17/02/2007;SC;GASOLINA COMUM;2.548
18/02/2007;24/02/2007;SC;GASOLINA COMUM;2.549
25/02/2007;03/03/2007;SC;GASOLINA COMUM;2.55
04/03/2007;10/03/2007;SC;GASOLINA COMUM;2.55
11/03/2007;17/03/2007;SC;GASOLINA COMUM;2.552
18/03/2007;24/03/2007;SC;GASOLINA COMUM;2.552
25/03/2007;31/03/2007;SC;GASOLINA COMUM;2.553
01/04/2007;07/04/2007;SC;GASOLINA COMUM;2.57
08/04/2007;14/04/2007;SC;GASOLINA COMUM;2.579
15/04/2007;21/04/2007;SC;GASOLINA COMUM;2.582
22/04/2007;28/04/2007;SC;GASOLINA COMUM;2.579
29/04/2007;05/05/2007;SC;GASOLINA COMUM;2.573
06/05/2007;12/05/2007;SC;GASOLINA COMUM;2.573
13/05/2007;19/05/2007;SC;GASOLINA COMUM;2.57
20/05/2007;26/05/2007;SC;GASOLINA COMUM;2.57
27/05/2007;02/06/2007;SC;GASOLINA COMUM;2.567
03/06/2007;09/06/2007;SC;GASOLINA COMUM;2.57
10/06/2007;16/06/2007;SC;GASOLINA COMUM;2.57
17/06/2007;23/06/2007;SC;GASOLINA COMUM;2.568
24/06/2007;30/06/2007;SC;GASOLINA COMUM;2.565
01/07/2007;07/07/2007;SC;GASOLINA COMUM;2.558
08/07/2007;14/07/2007;SC;GASOLINA COMUM;2.55
15/07/2007;21/07/2007;SC;GASOLINA COMUM;2.549
22/07/2007;28/07/2007;SC;GASOLINA COMUM;2.539
29/07/2007;04/08/2007;SC;GASOLINA COMUM;2.53
05/08/2007;11/08/2007;SC;GASOLINA COMUM;2.524
12/08/2007;18/08/2007;SC;GASOLINA COMUM;2.524
19/08/2007;25/08/2007;SC;GASOLINA COMUM;2.519
26/08/2007;01/09/2007;SC;GASOLINA COMUM;2.515
02/09/2007;08/09/2007;SC;GASOLINA COMUM;2.514
09/09/2007;15/09/2007;SC;GASOLINA COMUM;2.509
16/09/2007;22/09/2007;SC;GASOLINA COMUM;2.509
23/09/2007;29/09/2007;SC;GASOLINA COMUM;2.509
30/09/2007;06/10/2007;SC;GASOLINA COMUM;2.508
07/10/2007;13/10/2007;SC;GASOLINA COMUM;2.507
14/10/2007;20/10/2007;SC;GASOLINA COMUM;2.507
21/10/2007;27/10/2007;SC;GASOLINA COMUM;2.507
28/10/2007;03/11/2007;SC;GASOLINA COMUM;2.505
04/11/2007;10/11/2007;SC;GASOLINA COMUM;2.504
11/11/2007;17/11/2007;SC;GASOLINA COMUM;2.504
18/11/2007;24/11/2007;SC;GASOLINA COMUM;2.515
25/11/2007;01/12/2007;SC;GASOLINA COMUM;2.517
02/12/2007;08/12/2007;SC;GASOLINA COMUM;2.526
09/12/2007;15/12/2007;SC;GASOLINA COMUM;2.537
16/12/2007;22/12/2007;SC;GASOLINA COMUM;2.539
23/12/2007;29/12/2007;SC;GASOLINA COMUM;2.54
30/12/2007;05/01/2008;SC;GASOLINA COMUM;2.546
07/01/2007;13/01/2007;SE;GASOLINA COMUM;2.512
14/01/2007;20/01/2007;SE;GASOLINA COMUM;2.52
21/01/2007;27/01/2007;SE;GASOLINA COMUM;2.53
28/01/2007;03/02/2007;SE;GASOLINA COMUM;2.523
04/02/2007;10/02/2007;SE;GASOLINA COMUM;2.524
11/02/2007;17/02/2007;SE;GASOLINA COMUM;2.528
18/02/2007;24/02/2007;SE;GASOLINA COMUM;2.523
25/02/2007;03/03/2007;SE;GASOLINA COMUM;2.524
04/03/2007;10/03/2007;SE;GASOLINA COMUM;2.522
11/03/2007;17/03/2007;SE;GASOLINA COMUM;2.517
18/03/2007;24/03/2007;SE;GASOLINA COMUM;2.52
25/03/2007;31/03/2007;SE;GASOLINA COMUM;2.518
01/04/2007;07/04/2007;SE;GASOLINA COMUM;2.518
08/04/2007;14/04/2007;SE;GASOLINA COMUM;2.519
15/04/2007;21/04/2007;SE;GASOLINA COMUM;2.521
22/04/2007;28/04/2007;SE;GASOLINA COMUM;2.525
29/04/2007;05/05/2007;SE;GASOLINA COMUM;2.525
06/05/2007;12/05/2007;SE;GASOLINA COMUM;2.528
13/05/2007;19/05/2007;SE;GASOLINA COMUM;2.525
20/05/2007;26/05/2007;SE;GASOLINA COMUM;2.526
27/05/2007;02/06/2007;SE;GASOLINA COMUM;2.523
03/06/2007;09/06/2007;SE;GASOLINA COMUM;2.521
10/06/2007;16/06/2007;SE;GASOLINA COMUM;2.517
17/06/2007;23/06/2007;SE;GASOLINA COMUM;2.52
24/06/2007;30/06/2007;SE;GASOLINA COMUM;2.52
01/07/2007;07/07/2007;SE;GASOLINA COMUM;2.518
08/07/2007;14/07/2007;SE;GASOLINA COMUM;2.514
15/07/2007;21/07/2007;SE;GASOLINA COMUM;2.517
22/07/2007;28/07/2007;SE;GASOLINA COMUM;2.512
29/07/2007;04/08/2007;SE;GASOLINA COMUM;2.509
05/08/2007;11/08/2007;SE;GASOLINA COMUM;2.506
12/08/2007;18/08/2007;SE;GASOLINA COMUM;2.511
19/08/2007;25/08/2007;SE;GASOLINA COMUM;2.514
26/08/2007;01/09/2007;SE;GASOLINA COMUM;2.51
02/09/2007;08/09/2007;SE;GASOLINA COMUM;2.516
09/09/2007;15/09/2007;SE;GASOLINA COMUM;2.515
16/09/2007;22/09/2007;SE;GASOLINA COMUM;2.518
23/09/2007;29/09/2007;SE;GASOLINA COMUM;2.511
30/09/2007;06/10/2007;SE;GASOLINA COMUM;2.516
07/10/2007;13/10/2007;SE;GASOLINA COMUM;2.513
14/10/2007;20/10/2007;SE;GASOLINA COMUM;2.514
21/10/2007;27/10/2007;SE;GASOLINA COMUM;2.513
28/10/2007;03/11/2007;SE;GASOLINA COMUM;2.513
04/11/2007;10/11/2007;SE;GASOLINA COMUM;2.511
11/11/2007;17/11/2007;SE;GASOLINA COMUM;2.508
18/11/2007;24/11/2007;SE;GASOLINA COMUM;2.511
25/11/2007;01/12/2007;SE;GASOLINA COMUM;2.507
02/12/2007;08/12/2007;SE;GASOLINA COMUM;2.517
09/12/2007;15/12/2007;SE;GASOLINA COMUM;2.507
16/12/2007;22/12/2007;SE;GASOLINA COMUM;2.516
23/12/2007;29/12/2007;SE;GASOLINA COMUM;2.518
30/12/2007;05/01/2008;SE;GASOLINA COMUM;2.516
07/01/2007;13/01/2007;SP;GASOLINA COMUM;2.428
14/01/2007;20/01/2007;SP;GASOLINA COMUM;2.431
21/01/2007;27/01/2007;SP;GASOLINA COMUM;2.427
28/01/2007;03/02/2007;SP;GASOLINA COMUM;2.425
04/02/2007;10/02/2007;SP;GASOLINA COMUM;2.423
11/02/2007;17/02/2007;SP;GASOLINA COMUM;2.422
18/02/2007;24/02/2007;SP;GASOLINA COMUM;2.42
25/02/2007;03/03/2007;SP;GASOLINA COMUM;2.422
04/03/2007;10/03/2007;SP;GASOLINA COMUM;2.418
11/03/2007;17/03/2007;SP;GASOLINA COMUM;2.416
18/03/2007;24/03/2007;SP;GASOLINA COMUM;2.416
25/03/2007;31/03/2007;SP;GASOLINA COMUM;2.419
01/04/2007;07/04/2007;SP;GASOLINA COMUM;2.426
08/04/2007;14/04/2007;SP;GASOLINA COMUM;2.437
15/04/2007;21/04/2007;SP;GASOLINA COMUM;2.443
22/04/2007;28/04/2007;SP;GASOLINA COMUM;2.452
29/04/2007;05/05/2007;SP;GASOLINA COMUM;2.456
06/05/2007;12/05/2007;SP;GASOLINA COMUM;2.458
13/05/2007;19/05/2007;SP;GASOLINA COMUM;2.454
20/05/2007;26/05/2007;SP;GASOLINA COMUM;2.453
27/05/2007;02/06/2007;SP;GASOLINA COMUM;2.453
03/06/2007;09/06/2007;SP;GASOLINA COMUM;2.446
10/06/2007;16/06/2007;SP;GASOLINA COMUM;2.446
17/06/2007;23/06/2007;SP;GASOLINA COMUM;2.437
24/06/2007;30/06/2007;SP;GASOLINA COMUM;2.43
01/07/2007;07/07/2007;SP;GASOLINA COMUM;2.43
08/07/2007;14/07/2007;SP;GASOLINA COMUM;2.424
15/07/2007;21/07/2007;SP;GASOLINA COMUM;2.417
22/07/2007;28/07/2007;SP;GASOLINA COMUM;2.412
29/07/2007;04/08/2007;SP;GASOLINA COMUM;2.403
05/08/2007;11/08/2007;SP;GASOLINA COMUM;2.399
12/08/2007;18/08/2007;SP;GASOLINA COMUM;2.396
19/08/2007;25/08/2007;SP;GASOLINA COMUM;2.399
26/08/2007;01/09/2007;SP;GASOLINA COMUM;2.388
02/09/2007;08/09/2007;SP;GASOLINA COMUM;2.389
09/09/2007;15/09/2007;SP;GASOLINA COMUM;2.385
16/09/2007;22/09/2007;SP;GASOLINA COMUM;2.381
23/09/2007;29/09/2007;SP;GASOLINA COMUM;2.382
30/09/2007;06/10/2007;SP;GASOLINA COMUM;2.384
07/10/2007;13/10/2007;SP;GASOLINA COMUM;2.381
14/10/2007;20/10/2007;SP;GASOLINA COMUM;2.379
21/10/2007;27/10/2007;SP;GASOLINA COMUM;2.376
28/10/2007;03/11/2007;SP;GASOLINA COMUM;2.38
04/11/2007;10/11/2007;SP;GASOLINA COMUM;2.38
11/11/2007;17/11/2007;SP;GASOLINA COMUM;2.386
18/11/2007;24/11/2007;SP;GASOLINA COMUM;2.392
25/11/2007;01/12/2007;SP;GASOLINA COMUM;2.393
02/12/2007;08/12/2007;SP;GASOLINA COMUM;2.397
09/12/2007;15/12/2007;SP;GASOLINA COMUM;2.402
16/12/2007;22/12/2007;SP;GASOLINA COMUM;2.401
23/12/2007;29/12/2007;SP;GASOLINA COMUM;2.404
30/12/2007;05/01/2008;SP;GASOLINA COMUM;2.403
07/01/2007;13/01/2007;TO;GASOLINA COMUM;2.742
14/01/2007;20/01/2007;TO;GASOLINA COMUM;2.738
21/01/2007;27/01/2007;TO;GASOLINA COMUM;2.739
28/01/2007;03/02/2007;TO;GASOLINA COMUM;2.741
04/02/2007;10/02/2007;TO;GASOLINA COMUM;2.736
11/02/2007;17/02/2007;TO;GASOLINA COMUM;2.736
18/02/2007;24/02/2007;TO;GASOLINA COMUM;2.739
25/02/2007;03/03/2007;TO;GASOLINA COMUM;2.738
04/03/2007;10/03/2007;TO;GASOLINA COMUM;2.734
11/03/2007;17/03/2007;TO;GASOLINA COMUM;2.743
18/03/2007;24/03/2007;TO;GASOLINA COMUM;2.735
25/03/2007;31/03/2007;TO;GASOLINA COMUM;2.745
01/04/2007;07/04/2007;TO;GASOLINA COMUM;2.743
08/04/2007;14/04/2007;TO;GASOLINA COMUM;2.74
15/04/2007;21/04/2007;TO;GASOLINA COMUM;2.741
22/04/2007;28/04/2007;TO;GASOLINA COMUM;2.745
29/04/2007;05/05/2007;TO;GASOLINA COMUM;2.747
06/05/2007;12/05/2007;TO;GASOLINA COMUM;2.749
13/05/2007;19/05/2007;TO;GASOLINA COMUM;2.748
20/05/2007;26/05/2007;TO;GASOLINA COMUM;2.748
27/05/2007;02/06/2007;TO;GASOLINA COMUM;2.748
03/06/2007;09/06/2007;TO;GASOLINA COMUM;2.746
10/06/2007;16/06/2007;TO;GASOLINA COMUM;2.748
17/06/2007;23/06/2007;TO;GASOLINA COMUM;2.744
24/06/2007;30/06/2007;TO;GASOLINA COMUM;2.744
01/07/2007;07/07/2007;TO;GASOLINA COMUM;2.744
08/07/2007;14/07/2007;TO;GASOLINA COMUM;2.729
15/07/2007;21/07/2007;TO;GASOLINA COMUM;2.731
22/07/2007;28/07/2007;TO;GASOLINA COMUM;2.728
29/07/2007;04/08/2007;TO;GASOLINA COMUM;2.715
05/08/2007;11/08/2007;TO;GASOLINA COMUM;2.716
12/08/2007;18/08/2007;TO;GASOLINA COMUM;2.716
19/08/2007;25/08/2007;TO;GASOLINA COMUM;2.718
26/08/2007;01/09/2007;TO;GASOLINA COMUM;2.715
02/09/2007;08/09/2007;TO;GASOLINA COMUM;2.712
09/09/2007;15/09/2007;TO;GASOLINA COMUM;2.707
16/09/2007;22/09/2007;TO;GASOLINA COMUM;2.706
23/09/2007;29/09/2007;TO;GASOLINA COMUM;2.707
30/09/2007;06/10/2007;TO;GASOLINA COMUM;2.708
07/10/2007;13/10/2007;TO;GASOLINA COMUM;2.706
14/10/2007;20/10/2007;TO;GASOLINA COMUM;2.706
21/10/2007;27/10/2007;TO;GASOLINA COMUM;2.705
28/10/2007;03/11/2007;TO;GASOLINA COMUM;2.706
04/11/2007;10/11/2007;TO;GASOLINA COMUM;2.701
11/11/2007;17/11/2007;TO;GASOLINA COMUM;2.701
18/11/2007;24/11/2007;TO;GASOLINA COMUM;2.697
25/11/2007;01/12/2007;TO;GASOLINA COMUM;2.701
02/12/2007;08/12/2007;TO;GASOLINA COMUM;2.704
09/12/2007;15/12/2007;TO;GASOLINA COMUM;2.707
16/12/2007;22/12/2007;TO;GASOLINA COMUM;2.711
23/12/2007;29/12/2007;TO;GASOLINA COMUM;2.712
30/12/2007;05/01/2008;TO;GASOLINA COMUM;2.718
